run_time,valid_time,lead_hours,short_name,value_raw,units,step_type,step_range,grid_lat,grid_lon,distance_km,grid_index
2026-09-04,2026-09-04 00:00:00,0,10u,2.83526611328125,m s**-1,instant,0,13.75,109.25,4.650516594014625,440357
2026-09-04,2026-09-04 00:00:00,0,10v,-0.093505859375,m s**-1,instant,0,13.75,109.25,4.650516594014625,440357
2026-09-04,2026-09-04 00:00:00,0,2d,296.3659210205078,K,instant,0,13.75,109.25,4.650516594014625,440357
2026-09-04,2026-09-04 00:00:00,0,2t,301.8659210205078,K,instant,0,13.75,109.25,4.650516594014625,440357
2026-09-04,2026-09-04 00:00:00,0,sp,100445.75,Pa,instant,0,13.75,109.25,4.650516594014625,440357
2026-09-04,2026-09-04 00:00:00,0,ssrd,0.0,J m**-2,accum,0,13.75,109.25,4.650516594014625,440357
2026-09-04,2026-09-04 00:00:00,0,tcc,0.9921875,(0 - 1),instant,0,13.75,109.25,4.650516594014625,440357
2026-09-04,2026-09-04 00:00:00,0,tp,0.0,m,accum,0,13.75,109.25,4.650516594014625,440357
2026-09-04,2026-09-04 06:00:00,6,10u,2.3759918212890625,m s**-1,instant,6,13.75,109.25,4.650516594014625,440357
2026-09-04,2026-09-04 06:00:00,6,10v,1.3774261474609375,m s**-1,instant,6,13.75,109.25,4.650516594014625,440357
2026-09-04,2026-09-04 06:00:00,6,2d,298.22637939453125,K,instant,6,13.75,109.25,4.650516594014625,440357
2026-09-04,2026-09-04 06:00:00,6,2t,303.07012939453125,K,instant,6,13.75,109.25,4.650516594014625,440357
2026-09-04,2026-09-04 06:00:00,6,sp,100403.4921875,Pa,instant,6,13.75,109.25,4.650516594014625,440357
2026-09-04,2026-09-04 06:00:00,6,ssrd,13168128.0,J m**-2,accum,0-6,13.75,109.25,4.650516594014625,440357
2026-09-04,2026-09-04 06:00:00,6,tcc,1.0,(0 - 1),instant,6,13.75,109.25,4.650516594014625,440357
2026-09-04,2026-09-04 06:00:00,6,tp,0.0052642822265625,m,accum,0-6,13.75,109.25,4.650516594014625,440357
2026-09-04,2026-09-04 12:00:00,12,10u,-0.300750732421875,m s**-1,instant,12,13.75,109.25,4.650516594014625,440357
2026-09-04,2026-09-04 12:00:00,12,10v,0.4091033935546875,m s**-1,instant,12,13.75,109.25,4.650516594014625,440357
2026-09-04,2026-09-04 12:00:00,12,2d,299.03863525390625,K,instant,12,13.75,109.25,4.650516594014625,440357
2026-09-04,2026-09-04 12:00:00,12,2t,302.27392578125,K,instant,12,13.75,109.25,4.650516594014625,440357
2026-09-04,2026-09-04 12:00:00,12,sp,100475.31640625,Pa,instant,12,13.75,109.25,4.650516594014625,440357
2026-09-04,2026-09-04 12:00:00,12,ssrd,18055168.0,J m**-2,accum,0-12,13.75,109.25,4.650516594014625,440357
2026-09-04,2026-09-04 12:00:00,12,tcc,0.53125,(0 - 1),instant,12,13.75,109.25,4.650516594014625,440357
2026-09-04,2026-09-04 12:00:00,12,tp,0.00560760498046875,m,accum,0-12,13.75,109.25,4.650516594014625,440357
2026-09-04,2026-09-04 18:00:00,18,10u,1.9239044189453125,m s**-1,instant,18,13.75,109.25,4.650516594014625,440357
2026-09-04,2026-09-04 18:00:00,18,10v,-0.58953857421875,m s**-1,instant,18,13.75,109.25,4.650516594014625,440357
2026-09-04,2026-09-04 18:00:00,18,2d,296.6748352050781,K,instant,18,13.75,109.25,4.650516594014625,440357
2026-09-04,2026-09-04 18:00:00,18,2t,301.0810852050781,K,instant,18,13.75,109.25,4.650516594014625,440357
2026-09-04,2026-09-04 18:00:00,18,sp,100563.84765625,Pa,instant,18,13.75,109.25,4.650516594014625,440357
2026-09-04,2026-09-04 18:00:00,18,ssrd,18055168.0,J m**-2,accum,0-18,13.75,109.25,4.650516594014625,440357
2026-09-04,2026-09-04 18:00:00,18,tcc,0.90625,(0 - 1),instant,18,13.75,109.25,4.650516594014625,440357
2026-09-04,2026-09-04 18:00:00,18,tp,0.00568389892578125,m,accum,0-18,13.75,109.25,4.650516594014625,440357
2026-09-04,2026-09-05 00:00:00,24,10u,2.558135986328125,m s**-1,instant,24,13.75,109.25,4.650516594014625,440357
2026-09-04,2026-09-05 00:00:00,24,10v,-0.2270355224609375,m s**-1,instant,24,13.75,109.25,4.650516594014625,440357
2026-09-04,2026-09-05 00:00:00,24,2d,295.8887939453125,K,instant,24,13.75,109.25,4.650516594014625,440357
2026-09-04,2026-09-05 00:00:00,24,2t,301.0450439453125,K,instant,24,13.75,109.25,4.650516594014625,440357
2026-09-04,2026-09-05 00:00:00,24,sp,100591.484375,Pa,instant,24,13.75,109.25,4.650516594014625,440357
2026-09-04,2026-09-05 00:00:00,24,ssrd,18447872.0,J m**-2,accum,0-24,13.75,109.25,4.650516594014625,440357
2026-09-04,2026-09-05 00:00:00,24,tcc,0.984375,(0 - 1),instant,24,13.75,109.25,4.650516594014625,440357
2026-09-04,2026-09-05 00:00:00,24,tp,0.005828857421875,m,accum,0-24,13.75,109.25,4.650516594014625,440357
2026-09-04,2026-09-05 06:00:00,30,10u,4.046539306640625,m s**-1,instant,30,13.75,109.25,4.650516594014625,440357
2026-09-04,2026-09-05 06:00:00,30,10v,-0.0968475341796875,m s**-1,instant,30,13.75,109.25,4.650516594014625,440357
2026-09-04,2026-09-05 06:00:00,30,2d,297.01832580566406,K,instant,30,13.75,109.25,4.650516594014625,440357
2026-09-04,2026-09-05 06:00:00,30,2t,304.92457580566406,K,instant,30,13.75,109.25,4.650516594014625,440357
2026-09-04,2026-09-05 06:00:00,30,sp,100450.96875,Pa,instant,30,13.75,109.25,4.650516594014625,440357
2026-09-04,2026-09-05 06:00:00,30,ssrd,28220416.0,J m**-2,accum,0-30,13.75,109.25,4.650516594014625,440357
2026-09-04,2026-09-05 06:00:00,30,tcc,0.8671875,(0 - 1),instant,30,13.75,109.25,4.650516594014625,440357
2026-09-04,2026-09-05 06:00:00,30,tp,0.00588226318359375,m,accum,0-30,13.75,109.25,4.650516594014625,440357
2026-09-04,2026-09-05 12:00:00,36,10u,1.245391845703125,m s**-1,instant,36,13.75,109.25,4.650516594014625,440357
2026-09-04,2026-09-05 12:00:00,36,10v,0.486114501953125,m s**-1,instant,36,13.75,109.25,4.650516594014625,440357
2026-09-04,2026-09-05 12:00:00,36,2d,298.125244140625,K,instant,36,13.75,109.25,4.650516594014625,440357
2026-09-04,2026-09-05 12:00:00,36,2t,300.250244140625,K,instant,36,13.75,109.25,4.650516594014625,440357
2026-09-04,2026-09-05 12:00:00,36,sp,100642.79296875,Pa,instant,36,13.75,109.25,4.650516594014625,440357
2026-09-04,2026-09-05 12:00:00,36,ssrd,34471936.0,J m**-2,accum,0-36,13.75,109.25,4.650516594014625,440357
2026-09-04,2026-09-05 12:00:00,36,tcc,0.9375,(0 - 1),instant,36,13.75,109.25,4.650516594014625,440357
2026-09-04,2026-09-05 12:00:00,36,tp,0.0094451904296875,m,accum,0-36,13.75,109.25,4.650516594014625,440357
2026-09-04,2026-09-05 18:00:00,42,10u,1.028289794921875,m s**-1,instant,42,13.75,109.25,4.650516594014625,440357
2026-09-04,2026-09-05 18:00:00,42,10v,0.79522705078125,m s**-1,instant,42,13.75,109.25,4.650516594014625,440357
2026-09-04,2026-09-05 18:00:00,42,2d,298.46075439453125,K,instant,42,13.75,109.25,4.650516594014625,440357
2026-09-04,2026-09-05 18:00:00,42,2t,299.86700439453125,K,instant,42,13.75,109.25,4.650516594014625,440357
2026-09-04,2026-09-05 18:00:00,42,sp,100646.5859375,Pa,instant,42,13.75,109.25,4.650516594014625,440357
2026-09-04,2026-09-05 18:00:00,42,ssrd,34471936.0,J m**-2,accum,0-42,13.75,109.25,4.650516594014625,440357
2026-09-04,2026-09-05 18:00:00,42,tcc,0.96875,(0 - 1),instant,42,13.75,109.25,4.650516594014625,440357
2026-09-04,2026-09-05 18:00:00,42,tp,0.01380157470703125,m,accum,0-42,13.75,109.25,4.650516594014625,440357
2026-09-04,2026-09-06 00:00:00,48,10u,2.339080810546875,m s**-1,instant,48,13.75,109.25,4.650516594014625,440357
2026-09-04,2026-09-06 00:00:00,48,10v,1.3880462646484375,m s**-1,instant,48,13.75,109.25,4.650516594014625,440357
2026-09-04,2026-09-06 00:00:00,48,2d,296.5786895751953,K,instant,48,13.75,109.25,4.650516594014625,440357
2026-09-04,2026-09-06 00:00:00,48,2t,301.2036895751953,K,instant,48,13.75,109.25,4.650516594014625,440357
2026-09-04,2026-09-06 00:00:00,48,sp,100707.1015625,Pa,instant,48,13.75,109.25,4.650516594014625,440357
2026-09-04,2026-09-06 00:00:00,48,ssrd,34887680.0,J m**-2,accum,0-48,13.75,109.25,4.650516594014625,440357
2026-09-04,2026-09-06 00:00:00,48,tcc,0.796875,(0 - 1),instant,48,13.75,109.25,4.650516594014625,440357
2026-09-04,2026-09-06 00:00:00,48,tp,0.01380157470703125,m,accum,0-48,13.75,109.25,4.650516594014625,440357
2026-09-04,2026-09-06 06:00:00,54,10u,2.9415283203125,m s**-1,instant,54,13.75,109.25,4.650516594014625,440357
2026-09-04,2026-09-06 06:00:00,54,10v,0.884033203125,m s**-1,instant,54,13.75,109.25,4.650516594014625,440357
2026-09-04,2026-09-06 06:00:00,54,2d,297.35638427734375,K,instant,54,13.75,109.25,4.650516594014625,440357
2026-09-04,2026-09-06 06:00:00,54,2t,304.38763427734375,K,instant,54,13.75,109.25,4.650516594014625,440357
2026-09-04,2026-09-06 06:00:00,54,sp,100457.16015625,Pa,instant,54,13.75,109.25,4.650516594014625,440357
2026-09-04,2026-09-06 06:00:00,54,ssrd,46880768.0,J m**-2,accum,0-54,13.75,109.25,4.650516594014625,440357
2026-09-04,2026-09-06 06:00:00,54,tcc,0.546875,(0 - 1),instant,54,13.75,109.25,4.650516594014625,440357
2026-09-04,2026-09-06 06:00:00,54,tp,0.0157012939453125,m,accum,0-54,13.75,109.25,4.650516594014625,440357
2026-09-04,2026-09-06 12:00:00,60,10u,-0.435272216796875,m s**-1,instant,60,13.75,109.25,4.650516594014625,440357
2026-09-04,2026-09-06 12:00:00,60,10v,2.38848876953125,m s**-1,instant,60,13.75,109.25,4.650516594014625,440357
2026-09-04,2026-09-06 12:00:00,60,2d,299.85791015625,K,instant,60,13.75,109.25,4.650516594014625,440357
2026-09-04,2026-09-06 12:00:00,60,2t,301.60791015625,K,instant,60,13.75,109.25,4.650516594014625,440357
2026-09-04,2026-09-06 12:00:00,60,sp,100581.4296875,Pa,instant,60,13.75,109.25,4.650516594014625,440357
2026-09-04,2026-09-06 12:00:00,60,ssrd,53547008.0,J m**-2,accum,0-60,13.75,109.25,4.650516594014625,440357
2026-09-04,2026-09-06 12:00:00,60,tcc,0.5078125,(0 - 1),instant,60,13.75,109.25,4.650516594014625,440357
2026-09-04,2026-09-06 12:00:00,60,tp,0.01580810546875,m,accum,0-60,13.75,109.25,4.650516594014625,440357
2026-09-04,2026-09-06 18:00:00,66,10u,2.745208740234375,m s**-1,instant,66,13.75,109.25,4.650516594014625,440357
2026-09-04,2026-09-06 18:00:00,66,10v,0.6186981201171875,m s**-1,instant,66,13.75,109.25,4.650516594014625,440357
2026-09-04,2026-09-06 18:00:00,66,2d,296.17010498046875,K,instant,66,13.75,109.25,4.650516594014625,440357
2026-09-04,2026-09-06 18:00:00,66,2t,300.79510498046875,K,instant,66,13.75,109.25,4.650516594014625,440357
2026-09-04,2026-09-06 18:00:00,66,sp,100603.57421875,Pa,instant,66,13.75,109.25,4.650516594014625,440357
2026-09-04,2026-09-06 18:00:00,66,ssrd,53547008.0,J m**-2,accum,0-66,13.75,109.25,4.650516594014625,440357
2026-09-04,2026-09-06 18:00:00,66,tcc,0.9921875,(0 - 1),instant,66,13.75,109.25,4.650516594014625,440357
2026-09-04,2026-09-06 18:00:00,66,tp,0.01580810546875,m,accum,0-66,13.75,109.25,4.650516594014625,440357
2026-09-04,2026-09-07 00:00:00,72,10u,1.289215087890625,m s**-1,instant,72,13.75,109.25,4.650516594014625,440357
2026-09-04,2026-09-07 00:00:00,72,10v,0.3771820068359375,m s**-1,instant,72,13.75,109.25,4.650516594014625,440357
2026-09-04,2026-09-07 00:00:00,72,2d,296.0585174560547,K,instant,72,13.75,109.25,4.650516594014625,440357
2026-09-04,2026-09-07 00:00:00,72,2t,301.2460174560547,K,instant,72,13.75,109.25,4.650516594014625,440357
2026-09-04,2026-09-07 00:00:00,72,sp,100625.02734375,Pa,instant,72,13.75,109.25,4.650516594014625,440357
2026-09-04,2026-09-07 00:00:00,72,ssrd,53940224.0,J m**-2,accum,0-72,13.75,109.25,4.650516594014625,440357
2026-09-04,2026-09-07 00:00:00,72,tcc,0.953125,(0 - 1),instant,72,13.75,109.25,4.650516594014625,440357
2026-09-04,2026-09-07 00:00:00,72,tp,0.01580810546875,m,accum,0-72,13.75,109.25,4.650516594014625,440357
2026-09-04,2026-09-07 06:00:00,78,10u,2.866424560546875,m s**-1,instant,78,13.75,109.25,4.650516594014625,440357
2026-09-04,2026-09-07 06:00:00,78,10v,1.52606201171875,m s**-1,instant,78,13.75,109.25,4.650516594014625,440357
2026-09-04,2026-09-07 06:00:00,78,2d,297.5248260498047,K,instant,78,13.75,109.25,4.650516594014625,440357
2026-09-04,2026-09-07 06:00:00,78,2t,303.8060760498047,K,instant,78,13.75,109.25,4.650516594014625,440357
2026-09-04,2026-09-07 06:00:00,78,sp,100387.1484375,Pa,instant,78,13.75,109.25,4.650516594014625,440357
2026-09-04,2026-09-07 06:00:00,78,ssrd,62849024.0,J m**-2,accum,0-78,13.75,109.25,4.650516594014625,440357
2026-09-04,2026-09-07 06:00:00,78,tcc,0.9765625,(0 - 1),instant,78,13.75,109.25,4.650516594014625,440357
2026-09-04,2026-09-07 06:00:00,78,tp,0.01580810546875,m,accum,0-78,13.75,109.25,4.650516594014625,440357
2026-09-04,2026-09-07 12:00:00,84,10u,0.1025390625,m s**-1,instant,84,13.75,109.25,4.650516594014625,440357
2026-09-04,2026-09-07 12:00:00,84,10v,1.1738739013671875,m s**-1,instant,84,13.75,109.25,4.650516594014625,440357
2026-09-04,2026-09-07 12:00:00,84,2d,299.2809600830078,K,instant,84,13.75,109.25,4.650516594014625,440357
2026-09-04,2026-09-07 12:00:00,84,2t,302.0934600830078,K,instant,84,13.75,109.25,4.650516594014625,440357
2026-09-04,2026-09-07 12:00:00,84,sp,100485.6171875,Pa,instant,84,13.75,109.25,4.650516594014625,440357
2026-09-04,2026-09-07 12:00:00,84,ssrd,69453824.0,J m**-2,accum,0-84,13.75,109.25,4.650516594014625,440357
2026-09-04,2026-09-07 12:00:00,84,tcc,0.4140625,(0 - 1),instant,84,13.75,109.25,4.650516594014625,440357
2026-09-04,2026-09-07 12:00:00,84,tp,0.0158538818359375,m,accum,0-84,13.75,109.25,4.650516594014625,440357
2026-09-04,2026-09-07 18:00:00,90,10u,2.3402252197265625,m s**-1,instant,90,13.75,109.25,4.650516594014625,440357
2026-09-04,2026-09-07 18:00:00,90,10v,0.9774627685546875,m s**-1,instant,90,13.75,109.25,4.650516594014625,440357
2026-09-04,2026-09-07 18:00:00,90,2d,296.59564208984375,K,instant,90,13.75,109.25,4.650516594014625,440357
2026-09-04,2026-09-07 18:00:00,90,2t,300.75189208984375,K,instant,90,13.75,109.25,4.650516594014625,440357
2026-09-04,2026-09-07 18:00:00,90,sp,100502.02734375,Pa,instant,90,13.75,109.25,4.650516594014625,440357
2026-09-04,2026-09-07 18:00:00,90,ssrd,69453824.0,J m**-2,accum,0-90,13.75,109.25,4.650516594014625,440357
2026-09-04,2026-09-07 18:00:00,90,tcc,1.0,(0 - 1),instant,90,13.75,109.25,4.650516594014625,440357
2026-09-04,2026-09-07 18:00:00,90,tp,0.015869140625,m,accum,0-90,13.75,109.25,4.650516594014625,440357
2026-09-04,2026-09-08 00:00:00,96,10u,1.4184417724609375,m s**-1,instant,96,13.75,109.25,4.650516594014625,440357
2026-09-04,2026-09-08 00:00:00,96,10v,-0.346649169921875,m s**-1,instant,96,13.75,109.25,4.650516594014625,440357
2026-09-04,2026-09-08 00:00:00,96,2d,295.8975524902344,K,instant,96,13.75,109.25,4.650516594014625,440357
2026-09-04,2026-09-08 00:00:00,96,2t,301.3350524902344,K,instant,96,13.75,109.25,4.650516594014625,440357
2026-09-04,2026-09-08 00:00:00,96,sp,100517.6484375,Pa,instant,96,13.75,109.25,4.650516594014625,440357
2026-09-04,2026-09-08 00:00:00,96,ssrd,69799936.0,J m**-2,accum,0-96,13.75,109.25,4.650516594014625,440357
2026-09-04,2026-09-08 00:00:00,96,tcc,0.984375,(0 - 1),instant,96,13.75,109.25,4.650516594014625,440357
2026-09-04,2026-09-08 00:00:00,96,tp,0.015869140625,m,accum,0-96,13.75,109.25,4.650516594014625,440357
2026-09-04,2026-09-08 06:00:00,102,10u,4.132080078125,m s**-1,instant,102,13.75,109.25,4.650516594014625,440357
2026-09-04,2026-09-08 06:00:00,102,10v,1.1961517333984375,m s**-1,instant,102,13.75,109.25,4.650516594014625,440357
2026-09-04,2026-09-08 06:00:00,102,2d,297.2470397949219,K,instant,102,13.75,109.25,4.650516594014625,440357
2026-09-04,2026-09-08 06:00:00,102,2t,304.2782897949219,K,instant,102,13.75,109.25,4.650516594014625,440357
2026-09-04,2026-09-08 06:00:00,102,sp,100304.7578125,Pa,instant,102,13.75,109.25,4.650516594014625,440357
2026-09-04,2026-09-08 06:00:00,102,ssrd,79687680.0,J m**-2,accum,0-102,13.75,109.25,4.650516594014625,440357
2026-09-04,2026-09-08 06:00:00,102,tcc,0.9765625,(0 - 1),instant,102,13.75,109.25,4.650516594014625,440357
2026-09-04,2026-09-08 06:00:00,102,tp,0.015869140625,m,accum,0-102,13.75,109.25,4.650516594014625,440357
2026-09-04,2026-09-08 12:00:00,108,10u,1.2433319091796875,m s**-1,instant,108,13.75,109.25,4.650516594014625,440357
2026-09-04,2026-09-08 12:00:00,108,10v,0.2726287841796875,m s**-1,instant,108,13.75,109.25,4.650516594014625,440357
2026-09-04,2026-09-08 12:00:00,108,2d,296.7958068847656,K,instant,108,13.75,109.25,4.650516594014625,440357
2026-09-04,2026-09-08 12:00:00,108,2t,302.6708068847656,K,instant,108,13.75,109.25,4.650516594014625,440357
2026-09-04,2026-09-08 12:00:00,108,sp,100390.51953125,Pa,instant,108,13.75,109.25,4.650516594014625,440357
2026-09-04,2026-09-08 12:00:00,108,ssrd,84856832.0,J m**-2,accum,0-108,13.75,109.25,4.650516594014625,440357
2026-09-04,2026-09-08 12:00:00,108,tcc,0.421875,(0 - 1),instant,108,13.75,109.25,4.650516594014625,440357
2026-09-04,2026-09-08 12:00:00,108,tp,0.015869140625,m,accum,0-108,13.75,109.25,4.650516594014625,440357
2026-09-04,2026-09-08 18:00:00,114,10u,1.3411102294921875,m s**-1,instant,114,13.75,109.25,4.650516594014625,440357
2026-09-04,2026-09-08 18:00:00,114,10v,0.6559295654296875,m s**-1,instant,114,13.75,109.25,4.650516594014625,440357
2026-09-04,2026-09-08 18:00:00,114,2d,296.92893981933594,K,instant,114,13.75,109.25,4.650516594014625,440357
2026-09-04,2026-09-08 18:00:00,114,2t,300.52268981933594,K,instant,114,13.75,109.25,4.650516594014625,440357
2026-09-04,2026-09-08 18:00:00,114,sp,100429.06640625,Pa,instant,114,13.75,109.25,4.650516594014625,440357
2026-09-04,2026-09-08 18:00:00,114,ssrd,84856832.0,J m**-2,accum,0-114,13.75,109.25,4.650516594014625,440357
2026-09-04,2026-09-08 18:00:00,114,tcc,0.9140625,(0 - 1),instant,114,13.75,109.25,4.650516594014625,440357
2026-09-04,2026-09-08 18:00:00,114,tp,0.015960693359375,m,accum,0-114,13.75,109.25,4.650516594014625,440357
2026-09-04,2026-09-09 00:00:00,120,10u,1.3635711669921875,m s**-1,instant,120,13.75,109.25,4.650516594014625,440357
2026-09-04,2026-09-09 00:00:00,120,10v,0.5683135986328125,m s**-1,instant,120,13.75,109.25,4.650516594014625,440357
2026-09-04,2026-09-09 00:00:00,120,2d,295.6535186767578,K,instant,120,13.75,109.25,4.650516594014625,440357
2026-09-04,2026-09-09 00:00:00,120,2t,301.3097686767578,K,instant,120,13.75,109.25,4.650516594014625,440357
2026-09-04,2026-09-09 00:00:00,120,sp,100446.49609375,Pa,instant,120,13.75,109.25,4.650516594014625,440357
2026-09-04,2026-09-09 00:00:00,120,ssrd,85344256.0,J m**-2,accum,0-120,13.75,109.25,4.650516594014625,440357
2026-09-04,2026-09-09 00:00:00,120,tcc,0.9921875,(0 - 1),instant,120,13.75,109.25,4.650516594014625,440357
2026-09-04,2026-09-09 00:00:00,120,tp,0.0160369873046875,m,accum,0-120,13.75,109.25,4.650516594014625,440357
2026-09-04,2026-09-09 06:00:00,126,10u,3.659423828125,m s**-1,instant,126,13.75,109.25,4.650516594014625,440357
2026-09-04,2026-09-09 06:00:00,126,10v,-1.28057861328125,m s**-1,instant,126,13.75,109.25,4.650516594014625,440357
2026-09-04,2026-09-09 06:00:00,126,2d,297.3224639892578,K,instant,126,13.75,109.25,4.650516594014625,440357
2026-09-04,2026-09-09 06:00:00,126,2t,304.0724639892578,K,instant,126,13.75,109.25,4.650516594014625,440357
2026-09-04,2026-09-09 06:00:00,126,sp,100284.80078125,Pa,instant,126,13.75,109.25,4.650516594014625,440357
2026-09-04,2026-09-09 06:00:00,126,ssrd,96759808.0,J m**-2,accum,0-126,13.75,109.25,4.650516594014625,440357
2026-09-04,2026-09-09 06:00:00,126,tcc,1.0,(0 - 1),instant,126,13.75,109.25,4.650516594014625,440357
2026-09-04,2026-09-09 06:00:00,126,tp,0.0166168212890625,m,accum,0-126,13.75,109.25,4.650516594014625,440357
2026-09-04,2026-09-09 12:00:00,132,10u,-0.332427978515625,m s**-1,instant,132,13.75,109.25,4.650516594014625,440357
2026-09-04,2026-09-09 12:00:00,132,10v,1.512298583984375,m s**-1,instant,132,13.75,109.25,4.650516594014625,440357
2026-09-04,2026-09-09 12:00:00,132,2d,297.7159881591797,K,instant,132,13.75,109.25,4.650516594014625,440357
2026-09-04,2026-09-09 12:00:00,132,2t,300.0597381591797,K,instant,132,13.75,109.25,4.650516594014625,440357
2026-09-04,2026-09-09 12:00:00,132,sp,100541.0078125,Pa,instant,132,13.75,109.25,4.650516594014625,440357
2026-09-04,2026-09-09 12:00:00,132,ssrd,100429824.0,J m**-2,accum,0-132,13.75,109.25,4.650516594014625,440357
2026-09-04,2026-09-09 12:00:00,132,tcc,1.0,(0 - 1),instant,132,13.75,109.25,4.650516594014625,440357
2026-09-04,2026-09-09 12:00:00,132,tp,0.0204010009765625,m,accum,0-132,13.75,109.25,4.650516594014625,440357
2026-09-04,2026-09-09 18:00:00,138,10u,0.332763671875,m s**-1,instant,138,13.75,109.25,4.650516594014625,440357
2026-09-04,2026-09-09 18:00:00,138,10v,0.1096038818359375,m s**-1,instant,138,13.75,109.25,4.650516594014625,440357
2026-09-04,2026-09-09 18:00:00,138,2d,298.28590393066406,K,instant,138,13.75,109.25,4.650516594014625,440357
2026-09-04,2026-09-09 18:00:00,138,2t,299.16090393066406,K,instant,138,13.75,109.25,4.650516594014625,440357
2026-09-04,2026-09-09 18:00:00,138,sp,100535.87890625,Pa,instant,138,13.75,109.25,4.650516594014625,440357
2026-09-04,2026-09-09 18:00:00,138,ssrd,100429824.0,J m**-2,accum,0-138,13.75,109.25,4.650516594014625,440357
2026-09-04,2026-09-09 18:00:00,138,tcc,0.9375,(0 - 1),instant,138,13.75,109.25,4.650516594014625,440357
2026-09-04,2026-09-09 18:00:00,138,tp,0.0213775634765625,m,accum,0-138,13.75,109.25,4.650516594014625,440357
2026-09-04,2026-09-10 00:00:00,144,10u,0.5114593505859375,m s**-1,instant,144,13.75,109.25,4.650516594014625,440357
2026-09-04,2026-09-10 00:00:00,144,10v,0.0590972900390625,m s**-1,instant,144,13.75,109.25,4.650516594014625,440357
2026-09-04,2026-09-10 00:00:00,144,2d,296.9972381591797,K,instant,144,13.75,109.25,4.650516594014625,440357
2026-09-04,2026-09-10 00:00:00,144,2t,300.1222381591797,K,instant,144,13.75,109.25,4.650516594014625,440357
2026-09-04,2026-09-10 00:00:00,144,sp,100606.8671875,Pa,instant,144,13.75,109.25,4.650516594014625,440357
2026-09-04,2026-09-10 00:00:00,144,ssrd,100790272.0,J m**-2,accum,0-144,13.75,109.25,4.650516594014625,440357
2026-09-04,2026-09-10 00:00:00,144,tcc,0.875,(0 - 1),instant,144,13.75,109.25,4.650516594014625,440357
2026-09-04,2026-09-10 00:00:00,144,tp,0.0224761962890625,m,accum,0-144,13.75,109.25,4.650516594014625,440357
2026-09-04,2026-09-10 06:00:00,150,10u,-0.594940185546875,m s**-1,instant,150,13.75,109.25,4.650516594014625,440357
2026-09-04,2026-09-10 06:00:00,150,10v,0.842254638671875,m s**-1,instant,150,13.75,109.25,4.650516594014625,440357
2026-09-04,2026-09-10 06:00:00,150,2d,296.0893096923828,K,instant,150,13.75,109.25,4.650516594014625,440357
2026-09-04,2026-09-10 06:00:00,150,2t,302.5893096923828,K,instant,150,13.75,109.25,4.650516594014625,440357
2026-09-04,2026-09-10 06:00:00,150,sp,100460.5703125,Pa,instant,150,13.75,109.25,4.650516594014625,440357
2026-09-04,2026-09-10 06:00:00,150,ssrd,110239744.0,J m**-2,accum,0-150,13.75,109.25,4.650516594014625,440357
2026-09-04,2026-09-10 06:00:00,150,tcc,0.9765625,(0 - 1),instant,150,13.75,109.25,4.650516594014625,440357
2026-09-04,2026-09-10 06:00:00,150,tp,0.0230712890625,m,accum,0-150,13.75,109.25,4.650516594014625,440357
2026-09-04,2026-09-10 12:00:00,156,10u,1.1675567626953125,m s**-1,instant,156,13.75,109.25,4.650516594014625,440357
2026-09-04,2026-09-10 12:00:00,156,10v,-1.1105194091796875,m s**-1,instant,156,13.75,109.25,4.650516594014625,440357
2026-09-04,2026-09-10 12:00:00,156,2d,297.31398010253906,K,instant,156,13.75,109.25,4.650516594014625,440357
2026-09-04,2026-09-10 12:00:00,156,2t,299.03273010253906,K,instant,156,13.75,109.25,4.650516594014625,440357
2026-09-04,2026-09-10 12:00:00,156,sp,100596.53125,Pa,instant,156,13.75,109.25,4.650516594014625,440357
2026-09-04,2026-09-10 12:00:00,156,ssrd,113635328.0,J m**-2,accum,0-156,13.75,109.25,4.650516594014625,440357
2026-09-04,2026-09-10 12:00:00,156,tcc,0.9765625,(0 - 1),instant,156,13.75,109.25,4.650516594014625,440357
2026-09-04,2026-09-10 12:00:00,156,tp,0.035003662109375,m,accum,0-156,13.75,109.25,4.650516594014625,440357
2026-09-04,2026-09-10 18:00:00,162,10u,1.098175048828125,m s**-1,instant,162,13.75,109.25,4.650516594014625,440357
2026-09-04,2026-09-10 18:00:00,162,10v,-0.845306396484375,m s**-1,instant,162,13.75,109.25,4.650516594014625,440357
2026-09-04,2026-09-10 18:00:00,162,2d,297.25209045410156,K,instant,162,13.75,109.25,4.650516594014625,440357
2026-09-04,2026-09-10 18:00:00,162,2t,298.43959045410156,K,instant,162,13.75,109.25,4.650516594014625,440357
2026-09-04,2026-09-10 18:00:00,162,sp,100705.31640625,Pa,instant,162,13.75,109.25,4.650516594014625,440357
2026-09-04,2026-09-10 18:00:00,162,ssrd,113635328.0,J m**-2,accum,0-162,13.75,109.25,4.650516594014625,440357
2026-09-04,2026-09-10 18:00:00,162,tcc,1.0,(0 - 1),instant,162,13.75,109.25,4.650516594014625,440357
2026-09-04,2026-09-10 18:00:00,162,tp,0.0380706787109375,m,accum,0-162,13.75,109.25,4.650516594014625,440357
2026-09-04,2026-09-11 00:00:00,168,10u,1.5307464599609375,m s**-1,instant,168,13.75,109.25,4.650516594014625,440357
2026-09-04,2026-09-11 00:00:00,168,10v,-0.6042022705078125,m s**-1,instant,168,13.75,109.25,4.650516594014625,440357
2026-09-04,2026-09-11 00:00:00,168,2d,296.7704772949219,K,instant,168,13.75,109.25,4.650516594014625,440357
2026-09-04,2026-09-11 00:00:00,168,2t,298.8017272949219,K,instant,168,13.75,109.25,4.650516594014625,440357
2026-09-04,2026-09-11 00:00:00,168,sp,100763.1484375,Pa,instant,168,13.75,109.25,4.650516594014625,440357
2026-09-04,2026-09-11 00:00:00,168,ssrd,113872896.0,J m**-2,accum,0-168,13.75,109.25,4.650516594014625,440357
2026-09-04,2026-09-11 00:00:00,168,tcc,0.9375,(0 - 1),instant,168,13.75,109.25,4.650516594014625,440357
2026-09-04,2026-09-11 00:00:00,168,tp,0.038238525390625,m,accum,0-168,13.75,109.25,4.650516594014625,440357
2026-09-04,2026-09-11 06:00:00,174,10u,-2.19769287109375,m s**-1,instant,174,13.75,109.25,4.650516594014625,440357
2026-09-04,2026-09-11 06:00:00,174,10v,-1.6605682373046875,m s**-1,instant,174,13.75,109.25,4.650516594014625,440357
2026-09-04,2026-09-11 06:00:00,174,2d,297.12684631347656,K,instant,174,13.75,109.25,4.650516594014625,440357
2026-09-04,2026-09-11 06:00:00,174,2t,301.18934631347656,K,instant,174,13.75,109.25,4.650516594014625,440357
2026-09-04,2026-09-11 06:00:00,174,sp,100580.13671875,Pa,instant,174,13.75,109.25,4.650516594014625,440357
2026-09-04,2026-09-11 06:00:00,174,ssrd,123785216.0,J m**-2,accum,0-174,13.75,109.25,4.650516594014625,440357
2026-09-04,2026-09-11 06:00:00,174,tcc,0.984375,(0 - 1),instant,174,13.75,109.25,4.650516594014625,440357
2026-09-04,2026-09-11 06:00:00,174,tp,0.0385284423828125,m,accum,0-174,13.75,109.25,4.650516594014625,440357
2026-09-04,2026-09-11 12:00:00,180,10u,1.345672607421875,m s**-1,instant,180,13.75,109.25,4.650516594014625,440357
2026-09-04,2026-09-11 12:00:00,180,10v,0.6742706298828125,m s**-1,instant,180,13.75,109.25,4.650516594014625,440357
2026-09-04,2026-09-11 12:00:00,180,2d,296.64051818847656,K,instant,180,13.75,109.25,4.650516594014625,440357
2026-09-04,2026-09-11 12:00:00,180,2t,298.07801818847656,K,instant,180,13.75,109.25,4.650516594014625,440357
2026-09-04,2026-09-11 12:00:00,180,sp,100687.49609375,Pa,instant,180,13.75,109.25,4.650516594014625,440357
2026-09-04,2026-09-11 12:00:00,180,ssrd,128405504.0,J m**-2,accum,0-180,13.75,109.25,4.650516594014625,440357
2026-09-04,2026-09-11 12:00:00,180,tcc,0.96875,(0 - 1),instant,180,13.75,109.25,4.650516594014625,440357
2026-09-04,2026-09-11 12:00:00,180,tp,0.05499267578125,m,accum,0-180,13.75,109.25,4.650516594014625,440357
2026-09-04,2026-09-11 18:00:00,186,10u,1.8231048583984375,m s**-1,instant,186,13.75,109.25,4.650516594014625,440357
2026-09-04,2026-09-11 18:00:00,186,10v,-1.4279022216796875,m s**-1,instant,186,13.75,109.25,4.650516594014625,440357
2026-09-04,2026-09-11 18:00:00,186,2d,297.19580078125,K,instant,186,13.75,109.25,4.650516594014625,440357
2026-09-04,2026-09-11 18:00:00,186,2t,297.75830078125,K,instant,186,13.75,109.25,4.650516594014625,440357
2026-09-04,2026-09-11 18:00:00,186,sp,100620.62890625,Pa,instant,186,13.75,109.25,4.650516594014625,440357
2026-09-04,2026-09-11 18:00:00,186,ssrd,128405504.0,J m**-2,accum,0-186,13.75,109.25,4.650516594014625,440357
2026-09-04,2026-09-11 18:00:00,186,tcc,0.9609375,(0 - 1),instant,186,13.75,109.25,4.650516594014625,440357
2026-09-04,2026-09-11 18:00:00,186,tp,0.0654449462890625,m,accum,0-186,13.75,109.25,4.650516594014625,440357
2026-09-04,2026-09-12 00:00:00,192,10u,1.645233154296875,m s**-1,instant,192,13.75,109.25,4.650516594014625,440357
2026-09-04,2026-09-12 00:00:00,192,10v,-0.6045379638671875,m s**-1,instant,192,13.75,109.25,4.650516594014625,440357
2026-09-04,2026-09-12 00:00:00,192,2d,297.0575256347656,K,instant,192,13.75,109.25,4.650516594014625,440357
2026-09-04,2026-09-12 00:00:00,192,2t,298.7450256347656,K,instant,192,13.75,109.25,4.650516594014625,440357
2026-09-04,2026-09-12 00:00:00,192,sp,100703.2890625,Pa,instant,192,13.75,109.25,4.650516594014625,440357
2026-09-04,2026-09-12 00:00:00,192,ssrd,128851968.0,J m**-2,accum,0-192,13.75,109.25,4.650516594014625,440357
2026-09-04,2026-09-12 00:00:00,192,tcc,0.984375,(0 - 1),instant,192,13.75,109.25,4.650516594014625,440357
2026-09-04,2026-09-12 00:00:00,192,tp,0.0656890869140625,m,accum,0-192,13.75,109.25,4.650516594014625,440357
2026-09-04,2026-09-12 06:00:00,198,10u,-3.5689544677734375,m s**-1,instant,198,13.75,109.25,4.650516594014625,440357
2026-09-04,2026-09-12 06:00:00,198,10v,-0.5281829833984375,m s**-1,instant,198,13.75,109.25,4.650516594014625,440357
2026-09-04,2026-09-12 06:00:00,198,2d,297.1340789794922,K,instant,198,13.75,109.25,4.650516594014625,440357
2026-09-04,2026-09-12 06:00:00,198,2t,299.2590789794922,K,instant,198,13.75,109.25,4.650516594014625,440357
2026-09-04,2026-09-12 06:00:00,198,sp,100596.62109375,Pa,instant,198,13.75,109.25,4.650516594014625,440357
2026-09-04,2026-09-12 06:00:00,198,ssrd,142311424.0,J m**-2,accum,0-198,13.75,109.25,4.650516594014625,440357
2026-09-04,2026-09-12 06:00:00,198,tcc,1.0,(0 - 1),instant,198,13.75,109.25,4.650516594014625,440357
2026-09-04,2026-09-12 06:00:00,198,tp,0.0731353759765625,m,accum,0-198,13.75,109.25,4.650516594014625,440357
2026-09-04,2026-09-12 12:00:00,204,10u,1.0756072998046875,m s**-1,instant,204,13.75,109.25,4.650516594014625,440357
2026-09-04,2026-09-12 12:00:00,204,10v,-0.27691650390625,m s**-1,instant,204,13.75,109.25,4.650516594014625,440357
2026-09-04,2026-09-12 12:00:00,204,2d,297.0445098876953,K,instant,204,13.75,109.25,4.650516594014625,440357
2026-09-04,2026-09-12 12:00:00,204,2t,298.9195098876953,K,instant,204,13.75,109.25,4.650516594014625,440357
2026-09-04,2026-09-12 12:00:00,204,sp,100719.421875,Pa,instant,204,13.75,109.25,4.650516594014625,440357
2026-09-04,2026-09-12 12:00:00,204,ssrd,147509248.0,J m**-2,accum,0-204,13.75,109.25,4.650516594014625,440357
2026-09-04,2026-09-12 12:00:00,204,tcc,0.9296875,(0 - 1),instant,204,13.75,109.25,4.650516594014625,440357
2026-09-04,2026-09-12 12:00:00,204,tp,0.0876922607421875,m,accum,0-204,13.75,109.25,4.650516594014625,440357
2026-09-04,2026-09-12 18:00:00,210,10u,0.6667327880859375,m s**-1,instant,210,13.75,109.25,4.650516594014625,440357
2026-09-04,2026-09-12 18:00:00,210,10v,0.327850341796875,m s**-1,instant,210,13.75,109.25,4.650516594014625,440357
2026-09-04,2026-09-12 18:00:00,210,2d,298.33494567871094,K,instant,210,13.75,109.25,4.650516594014625,440357
2026-09-04,2026-09-12 18:00:00,210,2t,298.61619567871094,K,instant,210,13.75,109.25,4.650516594014625,440357
2026-09-04,2026-09-12 18:00:00,210,sp,100651.4296875,Pa,instant,210,13.75,109.25,4.650516594014625,440357
2026-09-04,2026-09-12 18:00:00,210,ssrd,147509248.0,J m**-2,accum,0-210,13.75,109.25,4.650516594014625,440357
2026-09-04,2026-09-12 18:00:00,210,tcc,1.0,(0 - 1),instant,210,13.75,109.25,4.650516594014625,440357
2026-09-04,2026-09-12 18:00:00,210,tp,0.0881500244140625,m,accum,0-210,13.75,109.25,4.650516594014625,440357
2026-09-04,2026-09-13 00:00:00,216,10u,1.3896331787109375,m s**-1,instant,216,13.75,109.25,4.650516594014625,440357
2026-09-04,2026-09-13 00:00:00,216,10v,0.16448974609375,m s**-1,instant,216,13.75,109.25,4.650516594014625,440357
2026-09-04,2026-09-13 00:00:00,216,2d,297.6096954345703,K,instant,216,13.75,109.25,4.650516594014625,440357
2026-09-04,2026-09-13 00:00:00,216,2t,299.8909454345703,K,instant,216,13.75,109.25,4.650516594014625,440357
2026-09-04,2026-09-13 00:00:00,216,sp,100664.640625,Pa,instant,216,13.75,109.25,4.650516594014625,440357
2026-09-04,2026-09-13 00:00:00,216,ssrd,147881984.0,J m**-2,accum,0-216,13.75,109.25,4.650516594014625,440357
2026-09-04,2026-09-13 00:00:00,216,tcc,0.8984375,(0 - 1),instant,216,13.75,109.25,4.650516594014625,440357
2026-09-04,2026-09-13 00:00:00,216,tp,0.0881500244140625,m,accum,0-216,13.75,109.25,4.650516594014625,440357
2026-09-04,2026-09-13 06:00:00,222,10u,-1.037200927734375,m s**-1,instant,222,13.75,109.25,4.650516594014625,440357
2026-09-04,2026-09-13 06:00:00,222,10v,0.6194305419921875,m s**-1,instant,222,13.75,109.25,4.650516594014625,440357
2026-09-04,2026-09-13 06:00:00,222,2d,297.1405944824219,K,instant,222,13.75,109.25,4.650516594014625,440357
2026-09-04,2026-09-13 06:00:00,222,2t,303.8280944824219,K,instant,222,13.75,109.25,4.650516594014625,440357
2026-09-04,2026-09-13 06:00:00,222,sp,100402.5390625,Pa,instant,222,13.75,109.25,4.650516594014625,440357
2026-09-04,2026-09-13 06:00:00,222,ssrd,161341440.0,J m**-2,accum,0-222,13.75,109.25,4.650516594014625,440357
2026-09-04,2026-09-13 06:00:00,222,tcc,0.75,(0 - 1),instant,222,13.75,109.25,4.650516594014625,440357
2026-09-04,2026-09-13 06:00:00,222,tp,0.088531494140625,m,accum,0-222,13.75,109.25,4.650516594014625,440357
2026-09-04,2026-09-13 12:00:00,228,10u,2.587188720703125,m s**-1,instant,228,13.75,109.25,4.650516594014625,440357
2026-09-04,2026-09-13 12:00:00,228,10v,-1.3886260986328125,m s**-1,instant,228,13.75,109.25,4.650516594014625,440357
2026-09-04,2026-09-13 12:00:00,228,2d,297.3885040283203,K,instant,228,13.75,109.25,4.650516594014625,440357
2026-09-04,2026-09-13 12:00:00,228,2t,298.4197540283203,K,instant,228,13.75,109.25,4.650516594014625,440357
2026-09-04,2026-09-13 12:00:00,228,sp,100644.08203125,Pa,instant,228,13.75,109.25,4.650516594014625,440357
2026-09-04,2026-09-13 12:00:00,228,ssrd,167755776.0,J m**-2,accum,0-228,13.75,109.25,4.650516594014625,440357
2026-09-04,2026-09-13 12:00:00,228,tcc,1.0,(0 - 1),instant,228,13.75,109.25,4.650516594014625,440357
2026-09-04,2026-09-13 12:00:00,228,tp,0.096923828125,m,accum,0-228,13.75,109.25,4.650516594014625,440357
2026-09-04,2026-09-13 18:00:00,234,10u,0.5614166259765625,m s**-1,instant,234,13.75,109.25,4.650516594014625,440357
2026-09-04,2026-09-13 18:00:00,234,10v,1.1002960205078125,m s**-1,instant,234,13.75,109.25,4.650516594014625,440357
2026-09-04,2026-09-13 18:00:00,234,2d,298.14031982421875,K,instant,234,13.75,109.25,4.650516594014625,440357
2026-09-04,2026-09-13 18:00:00,234,2t,299.23406982421875,K,instant,234,13.75,109.25,4.650516594014625,440357
2026-09-04,2026-09-13 18:00:00,234,sp,100544.546875,Pa,instant,234,13.75,109.25,4.650516594014625,440357
2026-09-04,2026-09-13 18:00:00,234,ssrd,167755776.0,J m**-2,accum,0-234,13.75,109.25,4.650516594014625,440357
2026-09-04,2026-09-13 18:00:00,234,tcc,1.0,(0 - 1),instant,234,13.75,109.25,4.650516594014625,440357
2026-09-04,2026-09-13 18:00:00,234,tp,0.10009765625,m,accum,0-234,13.75,109.25,4.650516594014625,440357
2026-09-04,2026-09-14 00:00:00,240,10u,1.50537109375,m s**-1,instant,240,13.75,109.25,4.650516594014625,440357
2026-09-04,2026-09-14 00:00:00,240,10v,-0.5989227294921875,m s**-1,instant,240,13.75,109.25,4.650516594014625,440357
2026-09-04,2026-09-14 00:00:00,240,2d,297.3511047363281,K,instant,240,13.75,109.25,4.650516594014625,440357
2026-09-04,2026-09-14 00:00:00,240,2t,299.8511047363281,K,instant,240,13.75,109.25,4.650516594014625,440357
2026-09-04,2026-09-14 00:00:00,240,sp,100561.796875,Pa,instant,240,13.75,109.25,4.650516594014625,440357
2026-09-04,2026-09-14 00:00:00,240,ssrd,168148992.0,J m**-2,accum,0-240,13.75,109.25,4.650516594014625,440357
2026-09-04,2026-09-14 00:00:00,240,tcc,1.0,(0 - 1),instant,240,13.75,109.25,4.650516594014625,440357
2026-09-04,2026-09-14 00:00:00,240,tp,0.10028076171875,m,accum,0-240,13.75,109.25,4.650516594014625,440357
2026-09-04,2026-09-14 06:00:00,246,10u,2.52117919921875,m s**-1,instant,246,13.75,109.25,4.650516594014625,440357
2026-09-04,2026-09-14 06:00:00,246,10v,0.0702056884765625,m s**-1,instant,246,13.75,109.25,4.650516594014625,440357
2026-09-04,2026-09-14 06:00:00,246,2d,296.70269775390625,K,instant,246,13.75,109.25,4.650516594014625,440357
2026-09-04,2026-09-14 06:00:00,246,2t,303.79644775390625,K,instant,246,13.75,109.25,4.650516594014625,440357
2026-09-04,2026-09-14 06:00:00,246,sp,100323.234375,Pa,instant,246,13.75,109.25,4.650516594014625,440357
2026-09-04,2026-09-14 06:00:00,246,ssrd,179945472.0,J m**-2,accum,0-246,13.75,109.25,4.650516594014625,440357
2026-09-04,2026-09-14 06:00:00,246,tcc,0.859375,(0 - 1),instant,246,13.75,109.25,4.650516594014625,440357
2026-09-04,2026-09-14 06:00:00,246,tp,0.10040283203125,m,accum,0-246,13.75,109.25,4.650516594014625,440357
2026-09-04,2026-09-14 12:00:00,252,10u,-0.1204833984375,m s**-1,instant,252,13.75,109.25,4.650516594014625,440357
2026-09-04,2026-09-14 12:00:00,252,10v,-1.958740234375,m s**-1,instant,252,13.75,109.25,4.650516594014625,440357
2026-09-04,2026-09-14 12:00:00,252,2d,298.8281707763672,K,instant,252,13.75,109.25,4.650516594014625,440357
2026-09-04,2026-09-14 12:00:00,252,2t,300.5781707763672,K,instant,252,13.75,109.25,4.650516594014625,440357
2026-09-04,2026-09-14 12:00:00,252,sp,100470.578125,Pa,instant,252,13.75,109.25,4.650516594014625,440357
2026-09-04,2026-09-14 12:00:00,252,ssrd,185548800.0,J m**-2,accum,0-252,13.75,109.25,4.650516594014625,440357
2026-09-04,2026-09-14 12:00:00,252,tcc,0.9921875,(0 - 1),instant,252,13.75,109.25,4.650516594014625,440357
2026-09-04,2026-09-14 12:00:00,252,tp,0.1040496826171875,m,accum,0-252,13.75,109.25,4.650516594014625,440357
2026-09-04,2026-09-14 18:00:00,258,10u,2.055145263671875,m s**-1,instant,258,13.75,109.25,4.650516594014625,440357
2026-09-04,2026-09-14 18:00:00,258,10v,0.580596923828125,m s**-1,instant,258,13.75,109.25,4.650516594014625,440357
2026-09-04,2026-09-14 18:00:00,258,2d,296.40260314941406,K,instant,258,13.75,109.25,4.650516594014625,440357
2026-09-04,2026-09-14 18:00:00,258,2t,299.99635314941406,K,instant,258,13.75,109.25,4.650516594014625,440357
2026-09-04,2026-09-14 18:00:00,258,sp,100398.43359375,Pa,instant,258,13.75,109.25,4.650516594014625,440357
2026-09-04,2026-09-14 18:00:00,258,ssrd,185548800.0,J m**-2,accum,0-258,13.75,109.25,4.650516594014625,440357
2026-09-04,2026-09-14 18:00:00,258,tcc,1.0,(0 - 1),instant,258,13.75,109.25,4.650516594014625,440357
2026-09-04,2026-09-14 18:00:00,258,tp,0.104522705078125,m,accum,0-258,13.75,109.25,4.650516594014625,440357
2026-09-04,2026-09-15 00:00:00,264,10u,2.3400726318359375,m s**-1,instant,264,13.75,109.25,4.650516594014625,440357
2026-09-04,2026-09-15 00:00:00,264,10v,1.339141845703125,m s**-1,instant,264,13.75,109.25,4.650516594014625,440357
2026-09-04,2026-09-15 00:00:00,264,2d,296.1575469970703,K,instant,264,13.75,109.25,4.650516594014625,440357
2026-09-04,2026-09-15 00:00:00,264,2t,300.2200469970703,K,instant,264,13.75,109.25,4.650516594014625,440357
2026-09-04,2026-09-15 00:00:00,264,sp,100463.90625,Pa,instant,264,13.75,109.25,4.650516594014625,440357
2026-09-04,2026-09-15 00:00:00,264,ssrd,185819136.0,J m**-2,accum,0-264,13.75,109.25,4.650516594014625,440357
2026-09-04,2026-09-15 00:00:00,264,tcc,1.0,(0 - 1),instant,264,13.75,109.25,4.650516594014625,440357
2026-09-04,2026-09-15 00:00:00,264,tp,0.106689453125,m,accum,0-264,13.75,109.25,4.650516594014625,440357
2026-09-04,2026-09-15 06:00:00,270,10u,0.748046875,m s**-1,instant,270,13.75,109.25,4.650516594014625,440357
2026-09-04,2026-09-15 06:00:00,270,10v,1.2234649658203125,m s**-1,instant,270,13.75,109.25,4.650516594014625,440357
2026-09-04,2026-09-15 06:00:00,270,2d,297.79359436035156,K,instant,270,13.75,109.25,4.650516594014625,440357
2026-09-04,2026-09-15 06:00:00,270,2t,302.16859436035156,K,instant,270,13.75,109.25,4.650516594014625,440357
2026-09-04,2026-09-15 06:00:00,270,sp,100267.21875,Pa,instant,270,13.75,109.25,4.650516594014625,440357
2026-09-04,2026-09-15 06:00:00,270,ssrd,193880064.0,J m**-2,accum,0-270,13.75,109.25,4.650516594014625,440357
2026-09-04,2026-09-15 06:00:00,270,tcc,1.0,(0 - 1),instant,270,13.75,109.25,4.650516594014625,440357
2026-09-04,2026-09-15 06:00:00,270,tp,0.10955810546875,m,accum,0-270,13.75,109.25,4.650516594014625,440357
2026-09-04,2026-09-15 12:00:00,276,10u,2.076568603515625,m s**-1,instant,276,13.75,109.25,4.650516594014625,440357
2026-09-04,2026-09-15 12:00:00,276,10v,1.30572509765625,m s**-1,instant,276,13.75,109.25,4.650516594014625,440357
2026-09-04,2026-09-15 12:00:00,276,2d,297.0589141845703,K,instant,276,13.75,109.25,4.650516594014625,440357
2026-09-04,2026-09-15 12:00:00,276,2t,300.5276641845703,K,instant,276,13.75,109.25,4.650516594014625,440357
2026-09-04,2026-09-15 12:00:00,276,sp,100299.57421875,Pa,instant,276,13.75,109.25,4.650516594014625,440357
2026-09-04,2026-09-15 12:00:00,276,ssrd,197173248.0,J m**-2,accum,0-276,13.75,109.25,4.650516594014625,440357
2026-09-04,2026-09-15 12:00:00,276,tcc,1.0,(0 - 1),instant,276,13.75,109.25,4.650516594014625,440357
2026-09-04,2026-09-15 12:00:00,276,tp,0.113555908203125,m,accum,0-276,13.75,109.25,4.650516594014625,440357
2026-09-04,2026-09-15 18:00:00,282,10u,2.5807647705078125,m s**-1,instant,282,13.75,109.25,4.650516594014625,440357
2026-09-04,2026-09-15 18:00:00,282,10v,1.7193145751953125,m s**-1,instant,282,13.75,109.25,4.650516594014625,440357
2026-09-04,2026-09-15 18:00:00,282,2d,296.92091369628906,K,instant,282,13.75,109.25,4.650516594014625,440357
2026-09-04,2026-09-15 18:00:00,282,2t,299.45216369628906,K,instant,282,13.75,109.25,4.650516594014625,440357
2026-09-04,2026-09-15 18:00:00,282,sp,100244.78125,Pa,instant,282,13.75,109.25,4.650516594014625,440357
2026-09-04,2026-09-15 18:00:00,282,ssrd,197173248.0,J m**-2,accum,0-282,13.75,109.25,4.650516594014625,440357
2026-09-04,2026-09-15 18:00:00,282,tcc,1.0,(0 - 1),instant,282,13.75,109.25,4.650516594014625,440357
2026-09-04,2026-09-15 18:00:00,282,tp,0.116455078125,m,accum,0-282,13.75,109.25,4.650516594014625,440357
2026-09-04,2026-09-16 00:00:00,288,10u,1.272918701171875,m s**-1,instant,288,13.75,109.25,4.650516594014625,440357
2026-09-04,2026-09-16 00:00:00,288,10v,3.0102691650390625,m s**-1,instant,288,13.75,109.25,4.650516594014625,440357
2026-09-04,2026-09-16 00:00:00,288,2d,297.1661834716797,K,instant,288,13.75,109.25,4.650516594014625,440357
2026-09-04,2026-09-16 00:00:00,288,2t,299.6036834716797,K,instant,288,13.75,109.25,4.650516594014625,440357
2026-09-04,2026-09-16 00:00:00,288,sp,100337.42578125,Pa,instant,288,13.75,109.25,4.650516594014625,440357
2026-09-04,2026-09-16 00:00:00,288,ssrd,197263360.0,J m**-2,accum,0-288,13.75,109.25,4.650516594014625,440357
2026-09-04,2026-09-16 00:00:00,288,tcc,1.0,(0 - 1),instant,288,13.75,109.25,4.650516594014625,440357
2026-09-04,2026-09-16 00:00:00,288,tp,0.1210479736328125,m,accum,0-288,13.75,109.25,4.650516594014625,440357
2026-09-04,2026-09-16 06:00:00,294,10u,2.66070556640625,m s**-1,instant,294,13.75,109.25,4.650516594014625,440357
2026-09-04,2026-09-16 06:00:00,294,10v,2.7469024658203125,m s**-1,instant,294,13.75,109.25,4.650516594014625,440357
2026-09-04,2026-09-16 06:00:00,294,2d,297.3919677734375,K,instant,294,13.75,109.25,4.650516594014625,440357
2026-09-04,2026-09-16 06:00:00,294,2t,304.1419677734375,K,instant,294,13.75,109.25,4.650516594014625,440357
2026-09-04,2026-09-16 06:00:00,294,sp,100215.7734375,Pa,instant,294,13.75,109.25,4.650516594014625,440357
2026-09-04,2026-09-16 06:00:00,294,ssrd,203726848.0,J m**-2,accum,0-294,13.75,109.25,4.650516594014625,440357
2026-09-04,2026-09-16 06:00:00,294,tcc,1.0,(0 - 1),instant,294,13.75,109.25,4.650516594014625,440357
2026-09-04,2026-09-16 06:00:00,294,tp,0.1235809326171875,m,accum,0-294,13.75,109.25,4.650516594014625,440357
2026-09-04,2026-09-16 12:00:00,300,10u,2.528564453125,m s**-1,instant,300,13.75,109.25,4.650516594014625,440357
2026-09-04,2026-09-16 12:00:00,300,10v,2.3711395263671875,m s**-1,instant,300,13.75,109.25,4.650516594014625,440357
2026-09-04,2026-09-16 12:00:00,300,2d,296.3486022949219,K,instant,300,13.75,109.25,4.650516594014625,440357
2026-09-04,2026-09-16 12:00:00,300,2t,301.3173522949219,K,instant,300,13.75,109.25,4.650516594014625,440357
2026-09-04,2026-09-16 12:00:00,300,sp,100376.80078125,Pa,instant,300,13.75,109.25,4.650516594014625,440357
2026-09-04,2026-09-16 12:00:00,300,ssrd,207568896.0,J m**-2,accum,0-300,13.75,109.25,4.650516594014625,440357
2026-09-04,2026-09-16 12:00:00,300,tcc,0.984375,(0 - 1),instant,300,13.75,109.25,4.650516594014625,440357
2026-09-04,2026-09-16 12:00:00,300,tp,0.1249847412109375,m,accum,0-300,13.75,109.25,4.650516594014625,440357
2026-09-04,2026-09-16 18:00:00,306,10u,1.918731689453125,m s**-1,instant,306,13.75,109.25,4.650516594014625,440357
2026-09-04,2026-09-16 18:00:00,306,10v,3.4457550048828125,m s**-1,instant,306,13.75,109.25,4.650516594014625,440357
2026-09-04,2026-09-16 18:00:00,306,2d,295.82098388671875,K,instant,306,13.75,109.25,4.650516594014625,440357
2026-09-04,2026-09-16 18:00:00,306,2t,300.97723388671875,K,instant,306,13.75,109.25,4.650516594014625,440357
2026-09-04,2026-09-16 18:00:00,306,sp,100436.99609375,Pa,instant,306,13.75,109.25,4.650516594014625,440357
2026-09-04,2026-09-16 18:00:00,306,ssrd,207568896.0,J m**-2,accum,0-306,13.75,109.25,4.650516594014625,440357
2026-09-04,2026-09-16 18:00:00,306,tcc,1.0,(0 - 1),instant,306,13.75,109.25,4.650516594014625,440357
2026-09-04,2026-09-16 18:00:00,306,tp,0.1253204345703125,m,accum,0-306,13.75,109.25,4.650516594014625,440357
2026-09-04,2026-09-17 00:00:00,312,10u,0.766998291015625,m s**-1,instant,312,13.75,109.25,4.650516594014625,440357
2026-09-04,2026-09-17 00:00:00,312,10v,2.216064453125,m s**-1,instant,312,13.75,109.25,4.650516594014625,440357
2026-09-04,2026-09-17 00:00:00,312,2d,296.5655975341797,K,instant,312,13.75,109.25,4.650516594014625,440357
2026-09-04,2026-09-17 00:00:00,312,2t,300.3155975341797,K,instant,312,13.75,109.25,4.650516594014625,440357
2026-09-04,2026-09-17 00:00:00,312,sp,100586.63671875,Pa,instant,312,13.75,109.25,4.650516594014625,440357
2026-09-04,2026-09-17 00:00:00,312,ssrd,207757312.0,J m**-2,accum,0-312,13.75,109.25,4.650516594014625,440357
2026-09-04,2026-09-17 00:00:00,312,tcc,1.0,(0 - 1),instant,312,13.75,109.25,4.650516594014625,440357
2026-09-04,2026-09-17 00:00:00,312,tp,0.1276092529296875,m,accum,0-312,13.75,109.25,4.650516594014625,440357
2026-09-04,2026-09-17 06:00:00,318,10u,1.6716766357421875,m s**-1,instant,318,13.75,109.25,4.650516594014625,440357
2026-09-04,2026-09-17 06:00:00,318,10v,3.54315185546875,m s**-1,instant,318,13.75,109.25,4.650516594014625,440357
2026-09-04,2026-09-17 06:00:00,318,2d,297.1148986816406,K,instant,318,13.75,109.25,4.650516594014625,440357
2026-09-04,2026-09-17 06:00:00,318,2t,305.0836486816406,K,instant,318,13.75,109.25,4.650516594014625,440357
2026-09-04,2026-09-17 06:00:00,318,sp,100395.4765625,Pa,instant,318,13.75,109.25,4.650516594014625,440357
2026-09-04,2026-09-17 06:00:00,318,ssrd,217784320.0,J m**-2,accum,0-318,13.75,109.25,4.650516594014625,440357
2026-09-04,2026-09-17 06:00:00,318,tcc,0.9765625,(0 - 1),instant,318,13.75,109.25,4.650516594014625,440357
2026-09-04,2026-09-17 06:00:00,318,tp,0.12762451171875,m,accum,0-318,13.75,109.25,4.650516594014625,440357
2026-09-04,2026-09-17 12:00:00,324,10u,1.405487060546875,m s**-1,instant,324,13.75,109.25,4.650516594014625,440357
2026-09-04,2026-09-17 12:00:00,324,10v,1.257080078125,m s**-1,instant,324,13.75,109.25,4.650516594014625,440357
2026-09-04,2026-09-17 12:00:00,324,2d,296.8554382324219,K,instant,324,13.75,109.25,4.650516594014625,440357
2026-09-04,2026-09-17 12:00:00,324,2t,302.3241882324219,K,instant,324,13.75,109.25,4.650516594014625,440357
2026-09-04,2026-09-17 12:00:00,324,sp,100568.078125,Pa,instant,324,13.75,109.25,4.650516594014625,440357
2026-09-04,2026-09-17 12:00:00,324,ssrd,223985664.0,J m**-2,accum,0-324,13.75,109.25,4.650516594014625,440357
2026-09-04,2026-09-17 12:00:00,324,tcc,1.0,(0 - 1),instant,324,13.75,109.25,4.650516594014625,440357
2026-09-04,2026-09-17 12:00:00,324,tp,0.128265380859375,m,accum,0-324,13.75,109.25,4.650516594014625,440357
2026-09-04,2026-09-17 18:00:00,330,10u,0.9341278076171875,m s**-1,instant,330,13.75,109.25,4.650516594014625,440357
2026-09-04,2026-09-17 18:00:00,330,10v,2.129608154296875,m s**-1,instant,330,13.75,109.25,4.650516594014625,440357
2026-09-04,2026-09-17 18:00:00,330,2d,296.00645446777344,K,instant,330,13.75,109.25,4.650516594014625,440357
2026-09-04,2026-09-17 18:00:00,330,2t,300.97520446777344,K,instant,330,13.75,109.25,4.650516594014625,440357
2026-09-04,2026-09-17 18:00:00,330,sp,100676.33984375,Pa,instant,330,13.75,109.25,4.650516594014625,440357
2026-09-04,2026-09-17 18:00:00,330,ssrd,223985664.0,J m**-2,accum,0-330,13.75,109.25,4.650516594014625,440357
2026-09-04,2026-09-17 18:00:00,330,tcc,1.0,(0 - 1),instant,330,13.75,109.25,4.650516594014625,440357
2026-09-04,2026-09-17 18:00:00,330,tp,0.128265380859375,m,accum,0-330,13.75,109.25,4.650516594014625,440357
2026-09-04,2026-09-18 00:00:00,336,10u,0.9096221923828125,m s**-1,instant,336,13.75,109.25,4.650516594014625,440357
2026-09-04,2026-09-18 00:00:00,336,10v,0.3251800537109375,m s**-1,instant,336,13.75,109.25,4.650516594014625,440357
2026-09-04,2026-09-18 00:00:00,336,2d,296.50439453125,K,instant,336,13.75,109.25,4.650516594014625,440357
2026-09-04,2026-09-18 00:00:00,336,2t,301.00439453125,K,instant,336,13.75,109.25,4.650516594014625,440357
2026-09-04,2026-09-18 00:00:00,336,sp,100733.140625,Pa,instant,336,13.75,109.25,4.650516594014625,440357
2026-09-04,2026-09-18 00:00:00,336,ssrd,224444416.0,J m**-2,accum,0-336,13.75,109.25,4.650516594014625,440357
2026-09-04,2026-09-18 00:00:00,336,tcc,1.0,(0 - 1),instant,336,13.75,109.25,4.650516594014625,440357
2026-09-04,2026-09-18 00:00:00,336,tp,0.128265380859375,m,accum,0-336,13.75,109.25,4.650516594014625,440357
2026-09-04,2026-09-18 06:00:00,342,10u,1.82952880859375,m s**-1,instant,342,13.75,109.25,4.650516594014625,440357
2026-09-04,2026-09-18 06:00:00,342,10v,2.5454254150390625,m s**-1,instant,342,13.75,109.25,4.650516594014625,440357
2026-09-04,2026-09-18 06:00:00,342,2d,297.74822998046875,K,instant,342,13.75,109.25,4.650516594014625,440357
2026-09-04,2026-09-18 06:00:00,342,2t,305.46697998046875,K,instant,342,13.75,109.25,4.650516594014625,440357
2026-09-04,2026-09-18 06:00:00,342,sp,100557.609375,Pa,instant,342,13.75,109.25,4.650516594014625,440357
2026-09-04,2026-09-18 06:00:00,342,ssrd,236978176.0,J m**-2,accum,0-342,13.75,109.25,4.650516594014625,440357
2026-09-04,2026-09-18 06:00:00,342,tcc,0.9921875,(0 - 1),instant,342,13.75,109.25,4.650516594014625,440357
2026-09-04,2026-09-18 06:00:00,342,tp,0.12847900390625,m,accum,0-342,13.75,109.25,4.650516594014625,440357
2026-09-04,2026-09-18 12:00:00,348,10u,-0.44805908203125,m s**-1,instant,348,13.75,109.25,4.650516594014625,440357
2026-09-04,2026-09-18 12:00:00,348,10v,1.68359375,m s**-1,instant,348,13.75,109.25,4.650516594014625,440357
2026-09-04,2026-09-18 12:00:00,348,2d,300.3314514160156,K,instant,348,13.75,109.25,4.650516594014625,440357
2026-09-04,2026-09-18 12:00:00,348,2t,301.8627014160156,K,instant,348,13.75,109.25,4.650516594014625,440357
2026-09-04,2026-09-18 12:00:00,348,sp,100655.39453125,Pa,instant,348,13.75,109.25,4.650516594014625,440357
2026-09-04,2026-09-18 12:00:00,348,ssrd,243744768.0,J m**-2,accum,0-348,13.75,109.25,4.650516594014625,440357
2026-09-04,2026-09-18 12:00:00,348,tcc,0.0,(0 - 1),instant,348,13.75,109.25,4.650516594014625,440357
2026-09-04,2026-09-18 12:00:00,348,tp,0.1289215087890625,m,accum,0-348,13.75,109.25,4.650516594014625,440357
2026-09-04,2026-09-18 18:00:00,354,10u,1.9344940185546875,m s**-1,instant,354,13.75,109.25,4.650516594014625,440357
2026-09-04,2026-09-18 18:00:00,354,10v,0.0923004150390625,m s**-1,instant,354,13.75,109.25,4.650516594014625,440357
2026-09-04,2026-09-18 18:00:00,354,2d,298.8519592285156,K,instant,354,13.75,109.25,4.650516594014625,440357
2026-09-04,2026-09-18 18:00:00,354,2t,299.0082092285156,K,instant,354,13.75,109.25,4.650516594014625,440357
2026-09-04,2026-09-18 18:00:00,354,sp,100794.37890625,Pa,instant,354,13.75,109.25,4.650516594014625,440357
2026-09-04,2026-09-18 18:00:00,354,ssrd,243744768.0,J m**-2,accum,0-354,13.75,109.25,4.650516594014625,440357
2026-09-04,2026-09-18 18:00:00,354,tcc,0.7890625,(0 - 1),instant,354,13.75,109.25,4.650516594014625,440357
2026-09-04,2026-09-18 18:00:00,354,tp,0.1289215087890625,m,accum,0-354,13.75,109.25,4.650516594014625,440357
2026-09-04,2026-09-19 00:00:00,360,10u,0.485260009765625,m s**-1,instant,360,13.75,109.25,4.650516594014625,440357
2026-09-04,2026-09-19 00:00:00,360,10v,0.8602142333984375,m s**-1,instant,360,13.75,109.25,4.650516594014625,440357
2026-09-04,2026-09-19 00:00:00,360,2d,297.0728454589844,K,instant,360,13.75,109.25,4.650516594014625,440357
2026-09-04,2026-09-19 00:00:00,360,2t,300.7915954589844,K,instant,360,13.75,109.25,4.650516594014625,440357
2026-09-04,2026-09-19 00:00:00,360,sp,100858.26953125,Pa,instant,360,13.75,109.25,4.650516594014625,440357
2026-09-04,2026-09-19 00:00:00,360,ssrd,244342784.0,J m**-2,accum,0-360,13.75,109.25,4.650516594014625,440357
2026-09-04,2026-09-19 00:00:00,360,tcc,0.328125,(0 - 1),instant,360,13.75,109.25,4.650516594014625,440357
2026-09-04,2026-09-19 00:00:00,360,tp,0.1289215087890625,m,accum,0-360,13.75,109.25,4.650516594014625,440357
