location_id,canonical_lat,canonical_lon,run_time,valid_time,valid_time_vn,lead_hours,interval_hours,temperature_c,dewpoint_c,wind_u_ms,wind_v_ms,surface_pressure_hpa,cloud_cover_pct,precipitation_cumulative_mm,precipitation_interval_mm,solar_net_cumulative_mj_m2,solar_net_interval_mj_m2,relative_humidity_pct,wind_speed_ms,wind_direction_deg,solar_net_mean_w_m2,verification_temperature_c,temperature_error_c,tigge_grid_lat,tigge_grid_lon,tigge_distance_km,era5_grid_lat,era5_grid_lon,era5_distance_km
binh_dinh_audit_01,13.78,109.22,2026-08-01,2026-08-01 00:00:00,2026-08-01 07:00:00,0,0.0,28.397912597656273,23.766534423828148,0.7723191380500793,1.3312817811965942,1002.3396875,99.9007339477539,0.0,0.0,0.0,0.0,76.03802353114736,1.5390867525725749,210.11939131211676,0.0,28.301538085937523,-0.09637451171875,13.75,109.25,4.647772807552562,13.75,109.25,4.647772807552562
binh_dinh_audit_01,13.78,109.22,2026-08-01,2026-08-01 06:00:00,2026-08-01 13:00:00,6,6.0,29.283380126953148,25.112664794921898,-1.497492790222168,2.7526345252990723,1001.167265625,95.13167572021484,2.207719888538122,2.207719888538122,12.813242,12.813242,78.29762548585606,3.133605189974612,151.45285186663685,593.2056481481482,31.433984375000023,2.150604248046875,13.75,109.25,4.647772807552562,13.75,109.25,4.647772807552562
binh_dinh_audit_01,13.78,109.22,2026-08-01,2026-08-01 12:00:00,2026-08-01 19:00:00,12,6.0,28.307000732421898,25.746575927734398,-0.5895436406135559,2.374555826187134,1001.872109375,96.6189956665039,4.56327161192894,2.3555517233908176,19.605434,6.792191999999998,86.03820935284709,2.4466460871705875,166.05679758417872,314.45333333333326,29.048455810546898,0.741455078125,13.75,109.25,4.647772807552562,13.75,109.25,4.647772807552562
binh_dinh_audit_01,13.78,109.22,2026-08-01,2026-08-01 18:00:00,2026-08-02 01:00:00,18,6.0,26.991479492187523,25.172845458984398,1.835474729537964,0.8387527465820312,1002.599921875,90.29043960571288,4.575583279132843,0.012311667203903198,19.605435,1.0000000010279564e-06,89.80209862517663,2.018037079112117,245.44112815807853,4.629629634388687e-05,28.118859863281276,1.1273803710937536,13.75,109.25,4.647772807552562,13.75,109.25,4.647772807552562
binh_dinh_audit_01,13.78,109.22,2026-08-01,2026-08-02 00:00:00,2026-08-02 07:00:00,24,6.0,28.091424560546898,23.574182128906273,1.0572163462638855,0.7947038412094116,1002.760390625,94.55482482910156,4.575583279132843,0.0,20.14931,0.5438749999999999,76.51519992409635,1.322596158334264,233.06801230273288,25.17939814814814,28.289025878906276,0.19760131835937855,13.75,109.25,4.647772807552562,13.75,109.25,4.647772807552562
binh_dinh_audit_01,13.78,109.22,2026-08-01,2026-08-02 06:00:00,2026-08-02 13:00:00,30,6.0,33.19930419921877,23.632043457031273,0.4150624275207519,0.6779250502586365,1001.231953125,99.99420166015624,4.863180071115494,0.28759679198265076,34.638346,14.489035999999999,57.330994861018524,0.794895711717955,211.47722505093316,670.7887037037036,32.44863281250002,-0.75067138671875,13.75,109.25,4.647772807552562,13.75,109.25,4.647772807552562
binh_dinh_audit_01,13.78,109.22,2026-08-01,2026-08-02 12:00:00,2026-08-02 19:00:00,36,6.0,28.314874267578148,25.807580566406273,-0.8955779075622559,3.592371553182602,1001.252578125,90.75520324707033,5.693637192249298,0.8304571211338043,41.863212,7.224865999999999,86.31036292476279,3.702322671598083,166.0015153674335,334.484537037037,29.337762451171898,1.02288818359375,13.75,109.25,4.647772807552562,13.75,109.25,4.647772807552562
binh_dinh_audit_01,13.78,109.22,2026-08-01,2026-08-02 18:00:00,2026-08-03 01:00:00,42,6.0,27.699700927734398,25.091516113281273,1.519746720790863,0.5787088386714458,1002.527734375,35.270944595336914,5.707822144031525,0.014184951782226562,41.863212,0.0,85.73556817496824,1.6262023291432819,249.15351938363708,0.0,28.440820312500023,0.741119384765625,13.75,109.25,4.647772807552562,13.75,109.25,4.647772807552562
binh_dinh_audit_01,13.78,109.22,2026-08-01,2026-08-03 00:00:00,2026-08-03 07:00:00,48,6.0,28.286309814453148,23.062768554687523,2.026727199554444,0.6176710724830627,1003.060703125,28.672167778015137,5.707822144031525,0.0,42.400716,0.5375040000000055,73.35155758948659,2.118759234834429,253.05072841014226,24.884444444444703,28.380029296875023,0.093719482421875,13.75,109.25,4.647772807552562,13.75,109.25,4.647772807552562
binh_dinh_audit_01,13.78,109.22,2026-08-01,2026-08-03 06:00:00,2026-08-03 13:00:00,54,6.0,34.1517272949219,23.549096679687523,4.108141124248505,0.8270615935325623,1000.850703125,15.384521961212158,5.723478615283966,0.015656471252441406,57.231824,14.831108,54.08531308205087,4.1905673095940585,258.6172220753532,686.6253703703703,32.99489746093752,-1.156829833984375,13.75,109.25,4.647772807552562,13.75,109.25,4.647772807552562
binh_dinh_audit_01,13.78,109.22,2026-08-01,2026-08-03 12:00:00,2026-08-03 19:00:00,60,6.0,28.703912353515648,27.039971923828148,-0.6338558197021484,3.322770923376084,1001.357578125,10.528713941574097,6.4563440680503845,0.7328654527664185,65.466992,8.235168000000002,90.74503975984008,3.3826882518795367,169.1999439895407,381.25777777777785,29.9497009277344,1.2457885742187536,13.75,109.25,4.647772807552562,13.75,109.25,4.647772807552562
binh_dinh_audit_01,13.78,109.22,2026-08-01,2026-08-03 18:00:00,2026-08-04 01:00:00,66,6.0,28.173516845703148,23.564660644531273,2.5686488151550293,1.642599105834961,1002.60265625,75.57492446899414,6.4554097056388855,0.0,65.466992,0.0,76.10648816487546,3.0489487627848306,237.40190521563423,0.0,28.859521484375023,0.686004638671875,13.75,109.25,4.647772807552562,13.75,109.25,4.647772807552562
binh_dinh_audit_01,13.78,109.22,2026-08-01,2026-08-04 00:00:00,2026-08-04 07:00:00,72,6.0,28.386285400390648,22.715600585937523,2.8152117133140564,1.636829495429993,1002.61484375,64.54446411132812,6.465847253799439,0.010437548160553867,65.920496,0.45350399999999524,71.40870857892595,3.256474748541783,239.82528595639553,20.995555555555335,29.302209472656276,0.9159240722656286,13.75,109.25,4.647772807552562,13.75,109.25,4.647772807552562
binh_dinh_audit_01,13.78,109.22,2026-08-01,2026-08-04 06:00:00,2026-08-04 13:00:00,78,6.0,33.782556152343716,22.783471679687523,5.711897373199463,1.1887832283973694,1000.9865625,75.33896255493164,6.465847253799439,0.0,80.02748,14.106983999999997,52.714582624741446,5.8342932019295874,258.2432036702983,653.101111111111,33.65480957031252,-0.12774658203119316,13.75,109.25,4.647772807552562,13.75,109.25,4.647772807552562
binh_dinh_audit_01,13.78,109.22,2026-08-01,2026-08-04 12:00:00,2026-08-04 19:00:00,84,6.0,30.463311767578148,23.937921142578148,1.2758930921554563,1.9784225821495056,1000.861796875,88.3525161743164,6.64998733997345,0.18414008617401034,87.559312,7.5318320000000085,68.19471528968013,2.3541578316181626,212.81814082657974,348.6959259259263,30.212121582031276,-0.25119018554687145,13.75,109.25,4.647772807552562,13.75,109.25,4.647772807552562
binh_dinh_audit_01,13.78,109.22,2026-08-01,2026-08-04 18:00:00,2026-08-05 01:00:00,90,6.0,27.153070068359398,22.739831542968773,1.351084977388382,1.2422746419906616,1000.707421875,90.92831420898438,8.285374879837036,1.6353875398635864,87.559312,0.0,76.85498871740486,1.8353955710575285,227.40256632334786,0.0,27.544396972656276,0.39132690429687855,13.75,109.25,4.647772807552562,13.75,109.25,4.647772807552562
binh_dinh_audit_01,13.78,109.22,2026-08-01,2026-08-05 00:00:00,2026-08-05 07:00:00,96,6.0,28.237023925781273,22.744287109375023,-0.0869516134262085,1.8079973459243772,1001.102109375,99.18804168701172,8.285374879837036,0.0,87.882984,0.32367199999998775,72.15690062300801,1.8100870106011515,177.24660832430925,14.984814814814248,27.366967773437523,-0.87005615234375,13.75,109.25,4.647772807552562,13.75,109.25,4.647772807552562
binh_dinh_audit_01,13.78,109.22,2026-08-01,2026-08-05 06:00:00,2026-08-05 13:00:00,102,6.0,32.33272705078127,22.689080810546898,5.58095645904541,1.698992371559143,999.3834375,95.85712432861328,8.299560546875,0.014185667037963867,96.889568,9.006584000000004,56.862651378272474,5.833836651499324,253.06834898547768,416.97148148148165,30.723291015625023,-1.60943603515625,13.75,109.25,4.647772807552562,13.75,109.25,4.647772807552562
binh_dinh_audit_01,13.78,109.22,2026-08-01,2026-08-05 12:00:00,2026-08-05 19:00:00,108,6.0,30.234826660156273,23.684899902343716,1.926255226135254,1.5911047458648682,999.887578125,74.84845733642578,8.289122939109802,0.0,103.752264,6.862696,68.04992478142648,2.4984141987522976,230.4429765063281,317.7174074074074,30.896813964843773,0.6619873046875,13.75,109.25,4.647772807552562,13.75,109.25,4.647772807552562
binh_dinh_audit_01,13.78,109.22,2026-08-01,2026-08-05 18:00:00,2026-08-06 01:00:00,114,6.0,28.313317871093716,23.175561523437523,2.9354465007781982,1.0887858867645264,999.701484375,99.3067626953125,8.289122939109802,0.0,103.752264,0.0,73.73759143593655,3.1308626392974483,249.6496889269756,0.0,28.913964843750023,0.6006469726563068,13.75,109.25,4.647772807552562,13.75,109.25,4.647772807552562
binh_dinh_audit_01,13.78,109.22,2026-08-01,2026-08-06 00:00:00,2026-08-06 07:00:00,120,6.0,28.640985107421898,22.857537841796898,1.651494383811951,1.8378080129623413,999.4809375,99.99132537841795,8.289122939109802,0.0,103.96692,0.21465600000000506,70.96796930502332,2.470824152438009,221.94355616591582,9.937777777778011,28.048059082031276,-0.5929260253906214,13.75,109.25,4.647772807552562,13.75,109.25,4.647772807552562
binh_dinh_audit_01,13.78,109.22,2026-08-01,2026-08-06 06:00:00,2026-08-06 13:00:00,126,6.0,32.3743835449219,23.083154296875023,4.910226345062256,2.3942105770111084,998.015859375,98.5895538330078,8.300633788108826,0.011510848999023438,112.538176,8.571256000000005,58.099467405736526,5.462835074099831,244.0062860672262,396.81740740740764,33.04171142578127,0.667327880859375,13.75,109.25,4.647772807552562,13.75,109.25,4.647772807552562
binh_dinh_audit_01,13.78,109.22,2026-08-01,2026-08-06 12:00:00,2026-08-06 19:00:00,132,6.0,29.764550781250023,23.489953613281273,4.1267054080963135,2.008047580718994,999.3375,98.20951080322266,8.304381251335144,0.0037474632263183594,117.064592,4.5264159999999976,69.09735502283819,4.589330300996298,244.0525272043644,209.55629629629615,30.399194335937523,0.6346435546875,13.75,109.25,4.647772807552562,13.75,109.25,4.647772807552562
binh_dinh_audit_01,13.78,109.22,2026-08-01,2026-08-06 18:00:00,2026-08-07 01:00:00,138,6.0,28.320306396484398,23.165551757812523,2.97885537147522,1.965206503868103,998.962578125,99.47022247314452,8.344541430473328,0.040160179138183594,117.064592,0.0,73.66303754226439,3.568699472778881,236.586418341674,0.0,28.696801757812523,0.376495361328125,13.75,109.25,4.647772807552562,13.75,109.25,4.647772807552562
binh_dinh_audit_01,13.78,109.22,2026-08-01,2026-08-07 00:00:00,2026-08-07 07:00:00,144,6.0,28.663079833984398,22.748681640625023,4.1361483335495,2.246585488319397,998.512890625,98.89682006835938,8.797493577003479,0.45295214653015137,117.299312,0.23471999999999582,70.41093139522621,4.706895940367878,241.4910121286118,10.866666666666474,28.198571777343773,-0.464508056640625,13.75,109.25,4.647772807552562,13.75,109.25,4.647772807552562
binh_dinh_audit_01,13.78,109.22,2026-08-01,2026-08-07 06:00:00,2026-08-07 13:00:00,150,6.0,32.0677429199219,22.727380371093716,6.512874603271484,2.501241445541382,997.04921875,99.98941898345949,8.7974933385849,0.0,126.490416,9.191103999999996,57.855292625964026,6.976657105436144,248.99092898201584,425.5140740740739,33.26436767578127,1.196624755859375,13.75,109.25,4.647772807552562,13.75,109.25,4.647772807552562
binh_dinh_audit_01,13.78,109.22,2026-08-01,2026-08-07 12:00:00,2026-08-07 19:00:00,156,6.0,29.254876708984398,23.067102050781273,3.91207766532898,1.4919229745864868,999.107734375,99.1279067993164,8.797493815422058,4.76837158203125e-07,129.221704,2.731287999999992,69.36405019653078,4.186906473957214,249.12498301455122,126.44851851851816,29.649438476562523,0.394561767578125,13.75,109.25,4.647772807552562,13.75,109.25,4.647772807552562
binh_dinh_audit_01,13.78,109.22,2026-08-01,2026-08-07 18:00:00,2026-08-08 01:00:00,162,6.0,28.509271240234398,22.745904541015648,5.277130603790283,2.079949140548706,998.501015625,100.0,8.804988980293274,0.00749516487121582,129.221704,0.0,71.03054414343181,5.67223904968129,248.488420305807,0.0,28.213952636718773,-0.295318603515625,13.75,109.25,4.647772807552562,13.75,109.25,4.647772807552562
binh_dinh_audit_01,13.78,109.22,2026-08-01,2026-08-08 00:00:00,2026-08-08 07:00:00,168,6.0,28.493829345703148,22.542565917968773,5.653113842010498,1.1034362316131592,998.32640625,99.99636840820312,8.8124840259552,0.0074950456619262695,129.347632,0.12592800000001603,70.22242026293189,5.759797533591554,258.9552557186397,5.830000000000742,28.972344970703148,0.478515625,13.75,109.25,4.647772807552562,13.75,109.25,4.647772807552562
binh_dinh_audit_01,13.78,109.22,2026-08-01,2026-08-08 06:00:00,2026-08-08 13:00:00,174,6.0,29.713128662109398,23.275933837890648,5.966371536254883,1.7211214900016785,997.245234375,99.92251205444336,9.006324768066406,0.19384074211120605,134.447608,5.099975999999998,68.41287658166766,6.20965767912999,253.90871575611314,236.1099999999999,31.137963867187523,1.424835205078125,13.75,109.25,4.647772807552562,13.75,109.25,4.647772807552562
binh_dinh_audit_01,13.78,109.22,2026-08-01,2026-08-08 12:00:00,2026-08-08 19:00:00,180,6.0,27.516534423828148,23.151422119140648,5.265192031860352,1.0099751949310305,998.164453125,99.53239440917967,10.374648571014404,1.368323802947998,136.503144,2.0555359999999894,77.13390734328112,5.361184293301407,259.14135796320716,95.1637037037032,29.331994628906276,1.8154602050781286,13.75,109.25,4.647772807552562,13.75,109.25,4.647772807552562
binh_dinh_audit_01,13.78,109.22,2026-08-01,2026-08-08 18:00:00,2026-08-09 01:00:00,186,6.0,26.255212402343716,23.614556884765648,7.677990436553955,2.59470534324646,996.701640625,99.9990406036377,16.358659744262695,5.984011173248291,136.503144,0.0,85.42580902485574,8.104568647502822,251.3277968733859,0.0,27.635583496093773,1.3803710937500568,13.75,109.25,4.647772807552562,13.75,109.25,4.647772807552562
binh_dinh_audit_01,13.78,109.22,2026-08-01,2026-08-09 00:00:00,2026-08-09 07:00:00,192,6.0,27.604180908203148,23.157189941406273,4.919598340988159,1.3360722064971924,996.622578125,99.59888458251952,17.531668663024902,1.173008918762207,136.661144,0.15800000000001546,76.7661963224496,5.097797247598979,254.80599877617726,7.31481481481553,28.1181579589844,0.5139770507812536,13.75,109.25,4.647772807552562,13.75,109.25,4.647772807552562
binh_dinh_audit_01,13.78,109.22,2026-08-01,2026-08-09 06:00:00,2026-08-09 13:00:00,198,6.0,29.204888916015648,22.942681884765648,10.164452075958252,1.4620372354984283,995.088125,99.72848510742188,18.062833786010746,0.5311651229858434,142.965416,6.304271999999997,69.04285119110233,10.26906222020472,261.8148148888486,291.8644444444443,29.423425292968773,0.218536376953125,13.75,109.25,4.647772807552562,13.75,109.25,4.647772807552562
binh_dinh_audit_01,13.78,109.22,2026-08-01,2026-08-09 12:00:00,2026-08-09 19:00:00,204,6.0,27.333306884765648,23.929895019531273,5.102155923843384,1.444599986076355,997.401015625,99.99999237060548,19.29158878326416,1.2287549972534144,144.484,1.5185840000000042,81.7116240836801,5.302722337722572,254.19131469491094,70.304814814815,28.752526855468773,1.419219970703125,13.75,109.25,4.647772807552562,13.75,109.25,4.647772807552562
binh_dinh_audit_01,13.78,109.22,2026-08-01,2026-08-09 18:00:00,2026-08-10 01:00:00,210,6.0,28.115289306640648,23.203698730468773,7.597500801086426,2.226922035217285,995.584609375,94.20742416381836,20.52451992034912,1.232931137084961,144.484,0.0,74.7195636627262,7.917145961357867,253.66348242118545,0.0,27.210473632812523,-0.904815673828125,13.75,109.25,4.647772807552562,13.75,109.25,4.647772807552562
binh_dinh_audit_01,13.78,109.22,2026-08-01,2026-08-10 00:00:00,2026-08-10 07:00:00,216,6.0,28.546105957031273,22.909906005859398,5.057332277297974,1.9457833766937256,996.137734375,99.67218780517578,20.53096103668213,0.0064411163330078125,144.701776,0.21777599999998642,71.58668192769616,5.418734419771608,248.95601916574293,10.082222222221594,27.643029785156276,-0.9030761718749964,13.75,109.25,4.647772807552562,13.75,109.25,4.647772807552562
binh_dinh_audit_01,13.78,109.22,2026-08-01,2026-08-10 06:00:00,2026-08-10 13:00:00,222,6.0,31.207818603515648,23.491510009765648,2.289199709892273,2.478822469711304,996.232109375,98.77662658691406,20.53096103668213,0.0,151.59876,6.896984000000003,63.62307734812881,3.374165992970191,222.7225648398621,319.30481481481496,32.14003906250002,0.932220458984375,13.75,109.25,4.647772807552562,13.75,109.25,4.647772807552562
binh_dinh_audit_01,13.78,109.22,2026-08-01,2026-08-10 12:00:00,2026-08-10 19:00:00,228,6.0,28.787438964843716,23.698876953125023,3.646893262863159,1.730335712432861,998.158984375,100.0,20.82536220550537,0.2944011688232422,156.741272,5.142512000000011,74.03567642471293,4.036569353849533,244.61713706538532,238.07925925925974,29.318078613281276,0.5306396484375604,13.75,109.25,4.647772807552562,13.75,109.25,4.647772807552562
binh_dinh_audit_01,13.78,109.22,2026-08-01,2026-08-10 18:00:00,2026-08-11 01:00:00,234,6.0,28.023583984375023,22.766381835937523,3.603911876678467,2.387240171432495,997.87890625,99.8062973022461,21.01699542999268,0.19163322448730824,156.741272,0.0,73.1576166201503,4.322857440509131,236.47940999958877,0.0,28.008447265625023,-0.01513671875,13.75,109.25,4.647772807552562,13.75,109.25,4.647772807552562
binh_dinh_audit_01,13.78,109.22,2026-08-01,2026-08-11 00:00:00,2026-08-11 07:00:00,240,6.0,28.409173583984398,22.858331298828148,4.997011661529541,1.9096591472625728,998.300859375,99.99989318847656,21.040019035339355,0.023023605346676135,156.883232,0.1419599999999832,71.93344616321826,5.349478816126468,249.08513188067585,6.572222222221445,28.220300292968773,-0.188873291015625,13.75,109.25,4.647772807552562,13.75,109.25,4.647772807552562
binh_dinh_audit_01,13.78,109.22,2026-08-01,2026-08-11 06:00:00,2026-08-11 13:00:00,246,6.0,31.662896728515648,23.375146484375023,5.762374877929688,3.406279444694519,997.030703125,83.52738952636719,21.12351894378662,0.08349990844726562,164.202048,7.318815999999998,61.56424301144923,6.693855681828193,239.4116373728187,338.834074074074,31.801538085937523,0.138641357421875,13.75,109.25,4.647772807552562,13.75,109.25,4.647772807552562
binh_dinh_audit_01,13.78,109.22,2026-08-01,2026-08-11 12:00:00,2026-08-11 19:00:00,252,6.0,29.976220703125023,23.595666503906273,4.335474491119385,2.4888824224472046,998.33171875,95.86988067626952,21.12351894378662,0.0,168.970104,4.768056000000001,68.69762180778152,4.99908739430644,240.14099458709984,220.74333333333342,29.572351074218773,-0.40386962890625,13.75,109.25,4.647772807552562,13.75,109.25,4.647772807552562
binh_dinh_audit_01,13.78,109.22,2026-08-01,2026-08-11 18:00:00,2026-08-12 01:00:00,258,6.0,28.238305664062523,22.816888427734398,3.2791147232055664,2.602978467941284,998.039296875,98.99176788330078,21.12351894378662,0.0,168.970104,0.0,72.46977277515145,4.186656216183683,231.5572694183885,0.0,27.631921386718773,-0.60638427734375,13.75,109.25,4.647772807552562,13.75,109.25,4.647772807552562
binh_dinh_audit_01,13.78,109.22,2026-08-01,2026-08-12 00:00:00,2026-08-12 07:00:00,264,6.0,28.966058349609398,22.553735351562523,1.8690260648727417,2.507744073867798,997.86265625,99.97584533691406,21.12351894378662,0.0,169.209424,0.23932000000002063,68.3716416800647,3.1276251008061604,216.6972274998774,11.079629629630585,29.071862792968773,0.105804443359375,13.75,109.25,4.647772807552562,13.75,109.25,4.647772807552562
binh_dinh_audit_01,13.78,109.22,2026-08-01,2026-08-12 06:00:00,2026-08-12 13:00:00,270,6.0,31.588250732421898,23.355218505859398,3.228123188018799,2.4065533876419067,996.858203125,99.70941162109376,21.12351894378662,0.0,177.062168,7.852744000000001,61.751414657147684,4.026447382568831,233.2956129615871,363.552962962963,32.63985595703127,1.051605224609375,13.75,109.25,4.647772807552562,13.75,109.25,4.647772807552562
binh_dinh_audit_01,13.78,109.22,2026-08-01,2026-08-12 12:00:00,2026-08-12 19:00:00,276,6.0,30.406854248046898,23.726678466796898,4.434157848358154,2.382971167564392,997.2109375,99.93051147460938,21.12351894378662,0.0,183.009168,5.946999999999974,67.55185474116269,5.033915713398409,241.74586705569425,275.3240740740729,30.918725585937523,0.511871337890625,13.75,109.25,4.647772807552562,13.75,109.25,4.647772807552562
binh_dinh_audit_01,13.78,109.22,2026-08-01,2026-08-12 18:00:00,2026-08-13 01:00:00,282,6.0,28.494134521484398,22.907983398437523,4.122349739074707,2.6377100944519043,996.994453125,99.70849609375,21.125667572021484,0.0021486282348632812,183.009168,0.0,71.7947567094492,4.894004690805146,237.38661164109985,0.0,28.689904785156276,0.19577026367187855,13.75,109.25,4.647772807552562,13.75,109.25,4.647772807552562
binh_dinh_audit_01,13.78,109.22,2026-08-01,2026-08-13 00:00:00,2026-08-13 07:00:00,288,6.0,29.079736328125023,22.557397460937523,4.379708409309387,4.375802516937256,997.1725,99.97553634643556,21.125667572021484,0.0,183.329184,0.3200160000000096,67.93842330129513,6.191081764749177,225.02556003129857,14.815555555556001,29.956689453125023,0.876953125,13.75,109.25,4.647772807552562,13.75,109.25,4.647772807552562
binh_dinh_audit_01,13.78,109.22,2026-08-01,2026-08-13 06:00:00,2026-08-13 13:00:00,294,6.0,32.2094665527344,23.111596679687523,5.487282514572144,3.6332873106002808,996.24359375,99.74713134765624,21.125667572021484,0.0,191.609264,8.280079999999998,58.74437531109011,6.581112829613106,236.49031353870674,383.33703703703696,33.92110595703127,1.711639404296875,13.75,109.25,4.647772807552562,13.75,109.25,4.647772807552562
binh_dinh_audit_01,13.78,109.22,2026-08-01,2026-08-13 12:00:00,2026-08-13 19:00:00,300,6.0,29.849389648437523,23.517602539062523,5.965883255004883,3.781650185585022,996.25296875,98.55482482910156,21.146541595458984,0.0208740234375,196.013984,4.4047199999999975,68.87559358771017,7.063472314554852,237.63023379378683,203.9222222222221,31.641625976562523,1.792236328125,13.75,109.25,4.647772807552562,13.75,109.25,4.647772807552562
binh_dinh_audit_01,13.78,109.22,2026-08-01,2026-08-13 18:00:00,2026-08-14 01:00:00,306,6.0,28.640374755859398,23.162805175781273,4.962364196777344,3.080064058303833,996.5315625,99.65536499023438,21.146541595458984,0.0,196.013984,0.0,72.29377544577436,5.840535337168395,238.17275399510825,0.0,28.769067382812523,0.128692626953125,13.75,109.25,4.647772807552562,13.75,109.25,4.647772807552562
binh_dinh_audit_01,13.78,109.22,2026-08-01,2026-08-14 00:00:00,2026-08-14 07:00:00,312,6.0,29.011590576171898,22.951440429687523,2.662703037261963,3.17675256729126,998.046328125,99.98434448242188,21.14868927001953,0.002147674560546875,196.20224,0.18825599999999554,69.85608384940944,4.145086770917552,219.96919882032662,8.71555555555535,28.406030273437523,-0.605560302734375,13.75,109.25,4.647772807552562,13.75,109.25,4.647772807552562
binh_dinh_audit_01,13.78,109.22,2026-08-01,2026-08-14 06:00:00,2026-08-14 13:00:00,318,6.0,32.961267089843716,23.183007812500023,5.2491559982299805,3.277456998825073,996.65,99.97572326660156,21.14868927001953,0.0,204.81912,8.616880000000009,56.54980396149497,6.188324738804617,238.02025538750937,398.9296296296301,33.35177001953127,0.39050292968755684,13.75,109.25,4.647772807552562,13.75,109.25,4.647772807552562
binh_dinh_audit_01,13.78,109.22,2026-08-01,2026-08-14 12:00:00,2026-08-14 19:00:00,324,6.0,30.333886718750023,23.673272705078148,5.086867332458496,2.520690679550171,997.4228125,99.98988437652588,21.169565200805664,0.020875930786132812,209.538384,4.71926400000001,67.61713961860332,5.677156045063806,243.6402470602523,218.48444444444488,30.426782226562523,0.0928955078125,13.75,109.25,4.647772807552562,13.75,109.25,4.647772807552562
binh_dinh_audit_01,13.78,109.22,2026-08-01,2026-08-14 18:00:00,2026-08-15 01:00:00,330,6.0,28.878350830078148,23.283990478515648,3.895320415496826,3.263942241668701,997.38453125,99.98807907104492,21.169565200805664,0.0,209.538384,0.0,71.82705652286117,5.082011422294884,230.03989818192008,0.0,28.831323242187523,-0.047027587890625,13.75,109.25,4.647772807552562,13.75,109.25,4.647772807552562
binh_dinh_audit_01,13.78,109.22,2026-08-01,2026-08-15 00:00:00,2026-08-15 07:00:00,336,6.0,29.015771484375023,22.906396484375023,4.88351583480835,3.5240588188171387,998.183046875,99.99198150634766,21.16956329345703,0.0,209.72688,0.18849599999998645,69.64894838592922,6.022268465230252,234.18490572342597,8.72666666666604,28.852990722656276,-0.16278076171874645,13.75,109.25,4.647772807552562,13.75,109.25,4.647772807552562
binh_dinh_audit_01,13.78,109.22,2026-08-01,2026-08-15 06:00:00,2026-08-15 13:00:00,342,6.0,32.44716796875002,23.051080322265648,5.360910415649414,2.4556400775909424,996.28703125,99.89830780029295,21.16956329345703,0.0,217.413392,7.686511999999993,57.74906134944573,5.896569229245869,245.38918914441578,355.8570370370367,33.44283447265627,0.99566650390625,13.75,109.25,4.647772807552562,13.75,109.25,4.647772807552562
binh_dinh_audit_01,13.78,109.22,2026-08-01,2026-08-15 12:00:00,2026-08-15 19:00:00,348,6.0,29.947839355468773,23.375482177734398,5.946828842163086,3.2147772312164307,997.416171875,99.9990406036377,21.16956329345703,0.0,221.715072,4.301680000000005,67.9021913578486,6.760145407040468,241.6049290346932,199.15185185185206,30.673303222656276,0.7254638671875036,13.75,109.25,4.647772807552562,13.75,109.25,4.647772807552562
binh_dinh_audit_01,13.78,109.22,2026-08-01,2026-08-15 18:00:00,2026-08-16 01:00:00,354,6.0,28.486566162109398,23.128228759765648,3.710417032241821,2.981028318405152,997.2675,99.88704681396484,21.16956329345703,0.0,221.715072,0.0,72.79003269483105,4.759592880518632,231.2208607114409,0.0,28.621301269531276,0.13473510742187855,13.75,109.25,4.647772807552562,13.75,109.25,4.647772807552562
binh_dinh_audit_01,13.78,109.22,2026-08-01,2026-08-16 00:00:00,2026-08-16 07:00:00,360,6.0,29.149713134765648,22.717279052734398,3.89819598197937,3.2955493927001958,997.180859375,99.51185607910156,21.171710968017575,0.0021476745605433223,222.005728,0.2906560000000127,68.32375951748698,5.104564399990144,229.7886973055992,13.456296296296884,28.110131835937523,-1.039581298828125,13.75,109.25,4.647772807552562,13.75,109.25,4.647772807552562
