run_time,valid_time,lead_hours,short_name,step_type,units,grid_type,grid_N,grid_lat,grid_lon,distance_km,temperature_k,temperature_c
2026-08-01,2026-08-01 00:00:00,0,2t,instant,K,reduced_gg,640,13.70558269111348,109.25045703839122,8.899839258313467,301.59889221191406,28.448892211914085
2026-08-01,2026-08-01 06:00:00,6,2t,instant,K,reduced_gg,640,13.70558269111348,109.25045703839122,8.899839258313467,302.44236755371094,29.29236755371096
2026-08-01,2026-08-01 12:00:00,12,2t,instant,K,reduced_gg,640,13.70558269111348,109.25045703839122,8.899839258313467,301.4267120361328,28.276712036132835
2026-08-01,2026-08-01 18:00:00,18,2t,instant,K,reduced_gg,640,13.70558269111348,109.25045703839122,8.899839258313467,300.1268310546875,26.976831054687523
2026-08-01,2026-08-02 00:00:00,24,2t,instant,K,reduced_gg,640,13.70558269111348,109.25045703839122,8.899839258313467,301.1547546386719,28.004754638671898
2026-08-01,2026-08-02 06:00:00,30,2t,instant,K,reduced_gg,640,13.70558269111348,109.25045703839122,8.899839258313467,306.3840026855469,33.2340026855469
2026-08-01,2026-08-02 12:00:00,36,2t,instant,K,reduced_gg,640,13.70558269111348,109.25045703839122,8.899839258313467,301.2850799560547,28.13507995605471
2026-08-01,2026-08-02 18:00:00,42,2t,instant,K,reduced_gg,640,13.70558269111348,109.25045703839122,8.899839258313467,300.76853942871094,27.61853942871096
2026-08-01,2026-08-03 00:00:00,48,2t,instant,K,reduced_gg,640,13.70558269111348,109.25045703839122,8.899839258313467,301.3902893066406,28.240289306640648
2026-08-01,2026-08-03 06:00:00,54,2t,instant,K,reduced_gg,640,13.70558269111348,109.25045703839122,8.899839258313467,307.1187744140625,33.96877441406252
2026-08-01,2026-08-03 12:00:00,60,2t,instant,K,reduced_gg,640,13.70558269111348,109.25045703839122,8.899839258313467,301.55311584472656,28.403115844726585
2026-08-01,2026-08-03 18:00:00,66,2t,instant,K,reduced_gg,640,13.70558269111348,109.25045703839122,8.899839258313467,301.12171936035156,27.971719360351585
2026-08-01,2026-08-04 00:00:00,72,2t,instant,K,reduced_gg,640,13.70558269111348,109.25045703839122,8.899839258313467,301.47608947753906,28.326089477539085
2026-08-01,2026-08-04 06:00:00,78,2t,instant,K,reduced_gg,640,13.70558269111348,109.25045703839122,8.899839258313467,306.9181823730469,33.7681823730469
2026-08-01,2026-08-04 12:00:00,84,2t,instant,K,reduced_gg,640,13.70558269111348,109.25045703839122,8.899839258313467,303.4303894042969,30.280389404296898
2026-08-01,2026-08-04 18:00:00,90,2t,instant,K,reduced_gg,640,13.70558269111348,109.25045703839122,8.899839258313467,300.2117919921875,27.061791992187523
2026-08-01,2026-08-05 00:00:00,96,2t,instant,K,reduced_gg,640,13.70558269111348,109.25045703839122,8.899839258313467,301.3667297363281,28.216729736328148
2026-08-01,2026-08-05 06:00:00,102,2t,instant,K,reduced_gg,640,13.70558269111348,109.25045703839122,8.899839258313467,305.6926727294922,32.54267272949221
2026-08-01,2026-08-05 12:00:00,108,2t,instant,K,reduced_gg,640,13.70558269111348,109.25045703839122,8.899839258313467,303.2056884765625,30.055688476562523
2026-08-01,2026-08-05 18:00:00,114,2t,instant,K,reduced_gg,640,13.70558269111348,109.25045703839122,8.899839258313467,301.4054260253906,28.255426025390648
2026-08-01,2026-08-06 00:00:00,120,2t,instant,K,reduced_gg,640,13.70558269111348,109.25045703839122,8.899839258313467,301.7789306640625,28.628930664062523
2026-08-01,2026-08-06 06:00:00,126,2t,instant,K,reduced_gg,640,13.70558269111348,109.25045703839122,8.899839258313467,305.4333801269531,32.28338012695315
2026-08-01,2026-08-06 12:00:00,132,2t,instant,K,reduced_gg,640,13.70558269111348,109.25045703839122,8.899839258313467,302.7754669189453,29.625466918945335
2026-08-01,2026-08-06 18:00:00,138,2t,instant,K,reduced_gg,640,13.70558269111348,109.25045703839122,8.899839258313467,301.49998474121094,28.34998474121096
2026-08-01,2026-08-07 00:00:00,144,2t,instant,K,reduced_gg,640,13.70558269111348,109.25045703839122,8.899839258313467,301.7217559814453,28.571755981445335
2026-08-01,2026-08-07 06:00:00,150,2t,instant,K,reduced_gg,640,13.70558269111348,109.25045703839122,8.899839258313467,305.2056884765625,32.05568847656252
2026-08-01,2026-08-07 12:00:00,156,2t,instant,K,reduced_gg,640,13.70558269111348,109.25045703839122,8.899839258313467,302.4063720703125,29.256372070312523
2026-08-01,2026-08-07 18:00:00,162,2t,instant,K,reduced_gg,640,13.70558269111348,109.25045703839122,8.899839258313467,301.62847900390625,28.478479003906273
2026-08-01,2026-08-08 00:00:00,168,2t,instant,K,reduced_gg,640,13.70558269111348,109.25045703839122,8.899839258313467,301.6653289794922,28.51532897949221
2026-08-01,2026-08-08 06:00:00,174,2t,instant,K,reduced_gg,640,13.70558269111348,109.25045703839122,8.899839258313467,303.13743591308594,29.98743591308596
2026-08-01,2026-08-08 12:00:00,180,2t,instant,K,reduced_gg,640,13.70558269111348,109.25045703839122,8.899839258313467,300.6775360107422,27.52753601074221
2026-08-01,2026-08-08 18:00:00,186,2t,instant,K,reduced_gg,640,13.70558269111348,109.25045703839122,8.899839258313467,299.4290313720703,26.279031372070335
2026-08-01,2026-08-09 00:00:00,192,2t,instant,K,reduced_gg,640,13.70558269111348,109.25045703839122,8.899839258313467,300.52447509765625,27.374475097656273
2026-08-01,2026-08-09 06:00:00,198,2t,instant,K,reduced_gg,640,13.70558269111348,109.25045703839122,8.899839258313467,302.2390899658203,29.089089965820335
2026-08-01,2026-08-09 12:00:00,204,2t,instant,K,reduced_gg,640,13.70558269111348,109.25045703839122,8.899839258313467,300.4861297607422,27.33612976074221
2026-08-01,2026-08-09 18:00:00,210,2t,instant,K,reduced_gg,640,13.70558269111348,109.25045703839122,8.899839258313467,301.2731018066406,28.123101806640648
2026-08-01,2026-08-10 00:00:00,216,2t,instant,K,reduced_gg,640,13.70558269111348,109.25045703839122,8.899839258313467,301.6665802001953,28.516580200195335
2026-08-01,2026-08-10 06:00:00,222,2t,instant,K,reduced_gg,640,13.70558269111348,109.25045703839122,8.899839258313467,304.1802673339844,31.030267333984398
2026-08-01,2026-08-10 12:00:00,228,2t,instant,K,reduced_gg,640,13.70558269111348,109.25045703839122,8.899839258313467,301.6820068359375,28.532006835937523
2026-08-01,2026-08-10 18:00:00,234,2t,instant,K,reduced_gg,640,13.70558269111348,109.25045703839122,8.899839258313467,301.07769775390625,27.927697753906273
2026-08-01,2026-08-11 00:00:00,240,2t,instant,K,reduced_gg,640,13.70558269111348,109.25045703839122,8.899839258313467,301.51536560058594,28.36536560058596
2026-08-01,2026-08-11 06:00:00,246,2t,instant,K,reduced_gg,640,13.70558269111348,109.25045703839122,8.899839258313467,304.5833740234375,31.433374023437523
2026-08-01,2026-08-11 12:00:00,252,2t,instant,K,reduced_gg,640,13.70558269111348,109.25045703839122,8.899839258313467,303.02850341796875,29.878503417968773
2026-08-01,2026-08-11 18:00:00,258,2t,instant,K,reduced_gg,640,13.70558269111348,109.25045703839122,8.899839258313467,301.32879638671875,28.178796386718773
2026-08-01,2026-08-12 00:00:00,264,2t,instant,K,reduced_gg,640,13.70558269111348,109.25045703839122,8.899839258313467,301.98313903808594,28.83313903808596
2026-08-01,2026-08-12 06:00:00,270,2t,instant,K,reduced_gg,640,13.70558269111348,109.25045703839122,8.899839258313467,304.6761932373047,31.52619323730471
2026-08-01,2026-08-12 12:00:00,276,2t,instant,K,reduced_gg,640,13.70558269111348,109.25045703839122,8.899839258313467,303.42755126953125,30.277551269531273
2026-08-01,2026-08-12 18:00:00,282,2t,instant,K,reduced_gg,640,13.70558269111348,109.25045703839122,8.899839258313467,301.5680694580078,28.418069458007835
2026-08-01,2026-08-13 00:00:00,288,2t,instant,K,reduced_gg,640,13.70558269111348,109.25045703839122,8.899839258313467,302.1334228515625,28.983422851562523
2026-08-01,2026-08-13 06:00:00,294,2t,instant,K,reduced_gg,640,13.70558269111348,109.25045703839122,8.899839258313467,305.44825744628906,32.298257446289085
2026-08-01,2026-08-13 12:00:00,300,2t,instant,K,reduced_gg,640,13.70558269111348,109.25045703839122,8.899839258313467,302.943359375,29.793359375000023
2026-08-01,2026-08-13 18:00:00,306,2t,instant,K,reduced_gg,640,13.70558269111348,109.25045703839122,8.899839258313467,301.7759552001953,28.625955200195335
2026-08-01,2026-08-14 00:00:00,312,2t,instant,K,reduced_gg,640,13.70558269111348,109.25045703839122,8.899839258313467,302.0625762939453,28.912576293945335
2026-08-01,2026-08-14 06:00:00,318,2t,instant,K,reduced_gg,640,13.70558269111348,109.25045703839122,8.899839258313467,305.7613830566406,32.61138305664065
2026-08-01,2026-08-14 12:00:00,324,2t,instant,K,reduced_gg,640,13.70558269111348,109.25045703839122,8.899839258313467,303.43177795410156,30.281777954101585
2026-08-01,2026-08-14 18:00:00,330,2t,instant,K,reduced_gg,640,13.70558269111348,109.25045703839122,8.899839258313467,301.96763610839844,28.81763610839846
2026-08-01,2026-08-15 00:00:00,336,2t,instant,K,reduced_gg,640,13.70558269111348,109.25045703839122,8.899839258313467,302.0930938720703,28.943093872070335
2026-08-01,2026-08-15 06:00:00,342,2t,instant,K,reduced_gg,640,13.70558269111348,109.25045703839122,8.899839258313467,305.33433532714844,32.18433532714846
2026-08-01,2026-08-15 12:00:00,348,2t,instant,K,reduced_gg,640,13.70558269111348,109.25045703839122,8.899839258313467,302.97222900390625,29.822229003906273
2026-08-01,2026-08-15 18:00:00,354,2t,instant,K,reduced_gg,640,13.70558269111348,109.25045703839122,8.899839258313467,301.59278869628906,28.442788696289085
2026-08-01,2026-08-16 00:00:00,360,2t,instant,K,reduced_gg,640,13.70558269111348,109.25045703839122,8.899839258313467,302.30528259277344,29.15528259277346
