short_name,units,step_type,step_range,start_step,lead_hours,grid_type,Ni,Nj,number_of_points,i_increment,j_increment,grid_lat,grid_lon,distance_km,value_raw
10u,m s**-1,instant,0,0,0,regular_ll,3,3,9,0.25,0.25,13.75,109.25,4.647772807552562,0.7723191380500793
10u,m s**-1,instant,6,6,6,regular_ll,3,3,9,0.25,0.25,13.75,109.25,4.647772807552562,-1.497492790222168
10u,m s**-1,instant,12,12,12,regular_ll,3,3,9,0.25,0.25,13.75,109.25,4.647772807552562,-0.5895436406135559
10u,m s**-1,instant,18,18,18,regular_ll,3,3,9,0.25,0.25,13.75,109.25,4.647772807552562,1.8354747295379639
10u,m s**-1,instant,24,24,24,regular_ll,3,3,9,0.25,0.25,13.75,109.25,4.647772807552562,1.0572163462638855
10u,m s**-1,instant,30,30,30,regular_ll,3,3,9,0.25,0.25,13.75,109.25,4.647772807552562,0.41506242752075195
10u,m s**-1,instant,36,36,36,regular_ll,3,3,9,0.25,0.25,13.75,109.25,4.647772807552562,-0.8955779075622559
10u,m s**-1,instant,42,42,42,regular_ll,3,3,9,0.25,0.25,13.75,109.25,4.647772807552562,1.519746720790863
10u,m s**-1,instant,48,48,48,regular_ll,3,3,9,0.25,0.25,13.75,109.25,4.647772807552562,2.0267271995544434
10u,m s**-1,instant,54,54,54,regular_ll,3,3,9,0.25,0.25,13.75,109.25,4.647772807552562,4.108141124248505
10u,m s**-1,instant,60,60,60,regular_ll,3,3,9,0.25,0.25,13.75,109.25,4.647772807552562,-0.6338558197021484
10u,m s**-1,instant,66,66,66,regular_ll,3,3,9,0.25,0.25,13.75,109.25,4.647772807552562,2.5686488151550293
10u,m s**-1,instant,72,72,72,regular_ll,3,3,9,0.25,0.25,13.75,109.25,4.647772807552562,2.8152117133140564
10u,m s**-1,instant,78,78,78,regular_ll,3,3,9,0.25,0.25,13.75,109.25,4.647772807552562,5.711897373199463
10u,m s**-1,instant,84,84,84,regular_ll,3,3,9,0.25,0.25,13.75,109.25,4.647772807552562,1.2758930921554565
10u,m s**-1,instant,90,90,90,regular_ll,3,3,9,0.25,0.25,13.75,109.25,4.647772807552562,1.351084977388382
10u,m s**-1,instant,96,96,96,regular_ll,3,3,9,0.25,0.25,13.75,109.25,4.647772807552562,-0.0869516134262085
10u,m s**-1,instant,102,102,102,regular_ll,3,3,9,0.25,0.25,13.75,109.25,4.647772807552562,5.58095645904541
10u,m s**-1,instant,108,108,108,regular_ll,3,3,9,0.25,0.25,13.75,109.25,4.647772807552562,1.926255226135254
10u,m s**-1,instant,114,114,114,regular_ll,3,3,9,0.25,0.25,13.75,109.25,4.647772807552562,2.9354465007781982
10u,m s**-1,instant,120,120,120,regular_ll,3,3,9,0.25,0.25,13.75,109.25,4.647772807552562,1.6514943838119507
10u,m s**-1,instant,126,126,126,regular_ll,3,3,9,0.25,0.25,13.75,109.25,4.647772807552562,4.910226345062256
10u,m s**-1,instant,132,132,132,regular_ll,3,3,9,0.25,0.25,13.75,109.25,4.647772807552562,4.1267054080963135
10u,m s**-1,instant,138,138,138,regular_ll,3,3,9,0.25,0.25,13.75,109.25,4.647772807552562,2.9788553714752197
10u,m s**-1,instant,144,144,144,regular_ll,3,3,9,0.25,0.25,13.75,109.25,4.647772807552562,4.1361483335494995
10u,m s**-1,instant,150,150,150,regular_ll,3,3,9,0.25,0.25,13.75,109.25,4.647772807552562,6.512874603271484
10u,m s**-1,instant,156,156,156,regular_ll,3,3,9,0.25,0.25,13.75,109.25,4.647772807552562,3.9120776653289795
10u,m s**-1,instant,162,162,162,regular_ll,3,3,9,0.25,0.25,13.75,109.25,4.647772807552562,5.277130603790283
10u,m s**-1,instant,168,168,168,regular_ll,3,3,9,0.25,0.25,13.75,109.25,4.647772807552562,5.653113842010498
10u,m s**-1,instant,174,174,174,regular_ll,3,3,9,0.25,0.25,13.75,109.25,4.647772807552562,5.966371536254883
10u,m s**-1,instant,180,180,180,regular_ll,3,3,9,0.25,0.25,13.75,109.25,4.647772807552562,5.265192031860352
10u,m s**-1,instant,186,186,186,regular_ll,3,3,9,0.25,0.25,13.75,109.25,4.647772807552562,7.677990436553955
10u,m s**-1,instant,192,192,192,regular_ll,3,3,9,0.25,0.25,13.75,109.25,4.647772807552562,4.919598340988159
10u,m s**-1,instant,198,198,198,regular_ll,3,3,9,0.25,0.25,13.75,109.25,4.647772807552562,10.164452075958252
10u,m s**-1,instant,204,204,204,regular_ll,3,3,9,0.25,0.25,13.75,109.25,4.647772807552562,5.102155923843384
10u,m s**-1,instant,210,210,210,regular_ll,3,3,9,0.25,0.25,13.75,109.25,4.647772807552562,7.597500801086426
10u,m s**-1,instant,216,216,216,regular_ll,3,3,9,0.25,0.25,13.75,109.25,4.647772807552562,5.057332277297974
10u,m s**-1,instant,222,222,222,regular_ll,3,3,9,0.25,0.25,13.75,109.25,4.647772807552562,2.289199709892273
10u,m s**-1,instant,228,228,228,regular_ll,3,3,9,0.25,0.25,13.75,109.25,4.647772807552562,3.646893262863159
10u,m s**-1,instant,234,234,234,regular_ll,3,3,9,0.25,0.25,13.75,109.25,4.647772807552562,3.603911876678467
10u,m s**-1,instant,240,240,240,regular_ll,3,3,9,0.25,0.25,13.75,109.25,4.647772807552562,4.997011661529541
10u,m s**-1,instant,246,246,246,regular_ll,3,3,9,0.25,0.25,13.75,109.25,4.647772807552562,5.7623748779296875
10u,m s**-1,instant,252,252,252,regular_ll,3,3,9,0.25,0.25,13.75,109.25,4.647772807552562,4.335474491119385
10u,m s**-1,instant,258,258,258,regular_ll,3,3,9,0.25,0.25,13.75,109.25,4.647772807552562,3.2791147232055664
10u,m s**-1,instant,264,264,264,regular_ll,3,3,9,0.25,0.25,13.75,109.25,4.647772807552562,1.8690260648727417
10u,m s**-1,instant,270,270,270,regular_ll,3,3,9,0.25,0.25,13.75,109.25,4.647772807552562,3.228123188018799
10u,m s**-1,instant,276,276,276,regular_ll,3,3,9,0.25,0.25,13.75,109.25,4.647772807552562,4.434157848358154
10u,m s**-1,instant,282,282,282,regular_ll,3,3,9,0.25,0.25,13.75,109.25,4.647772807552562,4.122349739074707
10u,m s**-1,instant,288,288,288,regular_ll,3,3,9,0.25,0.25,13.75,109.25,4.647772807552562,4.379708409309387
10u,m s**-1,instant,294,294,294,regular_ll,3,3,9,0.25,0.25,13.75,109.25,4.647772807552562,5.4872825145721436
10u,m s**-1,instant,300,300,300,regular_ll,3,3,9,0.25,0.25,13.75,109.25,4.647772807552562,5.965883255004883
10u,m s**-1,instant,306,306,306,regular_ll,3,3,9,0.25,0.25,13.75,109.25,4.647772807552562,4.962364196777344
10u,m s**-1,instant,312,312,312,regular_ll,3,3,9,0.25,0.25,13.75,109.25,4.647772807552562,2.662703037261963
10u,m s**-1,instant,318,318,318,regular_ll,3,3,9,0.25,0.25,13.75,109.25,4.647772807552562,5.2491559982299805
10u,m s**-1,instant,324,324,324,regular_ll,3,3,9,0.25,0.25,13.75,109.25,4.647772807552562,5.086867332458496
10u,m s**-1,instant,330,330,330,regular_ll,3,3,9,0.25,0.25,13.75,109.25,4.647772807552562,3.895320415496826
10u,m s**-1,instant,336,336,336,regular_ll,3,3,9,0.25,0.25,13.75,109.25,4.647772807552562,4.88351583480835
10u,m s**-1,instant,342,342,342,regular_ll,3,3,9,0.25,0.25,13.75,109.25,4.647772807552562,5.360910415649414
10u,m s**-1,instant,348,348,348,regular_ll,3,3,9,0.25,0.25,13.75,109.25,4.647772807552562,5.946828842163086
10u,m s**-1,instant,354,354,354,regular_ll,3,3,9,0.25,0.25,13.75,109.25,4.647772807552562,3.7104170322418213
10u,m s**-1,instant,360,360,360,regular_ll,3,3,9,0.25,0.25,13.75,109.25,4.647772807552562,3.89819598197937
10v,m s**-1,instant,0,0,0,regular_ll,3,3,9,0.25,0.25,13.75,109.25,4.647772807552562,1.3312817811965942
10v,m s**-1,instant,6,6,6,regular_ll,3,3,9,0.25,0.25,13.75,109.25,4.647772807552562,2.7526345252990723
10v,m s**-1,instant,12,12,12,regular_ll,3,3,9,0.25,0.25,13.75,109.25,4.647772807552562,2.374555826187134
10v,m s**-1,instant,18,18,18,regular_ll,3,3,9,0.25,0.25,13.75,109.25,4.647772807552562,0.8387527465820312
10v,m s**-1,instant,24,24,24,regular_ll,3,3,9,0.25,0.25,13.75,109.25,4.647772807552562,0.7947038412094116
10v,m s**-1,instant,30,30,30,regular_ll,3,3,9,0.25,0.25,13.75,109.25,4.647772807552562,0.6779250502586365
10v,m s**-1,instant,36,36,36,regular_ll,3,3,9,0.25,0.25,13.75,109.25,4.647772807552562,3.592371553182602
10v,m s**-1,instant,42,42,42,regular_ll,3,3,9,0.25,0.25,13.75,109.25,4.647772807552562,0.5787088386714458
10v,m s**-1,instant,48,48,48,regular_ll,3,3,9,0.25,0.25,13.75,109.25,4.647772807552562,0.6176710724830627
10v,m s**-1,instant,54,54,54,regular_ll,3,3,9,0.25,0.25,13.75,109.25,4.647772807552562,0.8270615935325623
10v,m s**-1,instant,60,60,60,regular_ll,3,3,9,0.25,0.25,13.75,109.25,4.647772807552562,3.3227709233760834
10v,m s**-1,instant,66,66,66,regular_ll,3,3,9,0.25,0.25,13.75,109.25,4.647772807552562,1.642599105834961
10v,m s**-1,instant,72,72,72,regular_ll,3,3,9,0.25,0.25,13.75,109.25,4.647772807552562,1.6368294954299927
10v,m s**-1,instant,78,78,78,regular_ll,3,3,9,0.25,0.25,13.75,109.25,4.647772807552562,1.1887832283973694
10v,m s**-1,instant,84,84,84,regular_ll,3,3,9,0.25,0.25,13.75,109.25,4.647772807552562,1.9784225821495056
10v,m s**-1,instant,90,90,90,regular_ll,3,3,9,0.25,0.25,13.75,109.25,4.647772807552562,1.2422746419906616
10v,m s**-1,instant,96,96,96,regular_ll,3,3,9,0.25,0.25,13.75,109.25,4.647772807552562,1.8079973459243774
10v,m s**-1,instant,102,102,102,regular_ll,3,3,9,0.25,0.25,13.75,109.25,4.647772807552562,1.698992371559143
10v,m s**-1,instant,108,108,108,regular_ll,3,3,9,0.25,0.25,13.75,109.25,4.647772807552562,1.5911047458648682
10v,m s**-1,instant,114,114,114,regular_ll,3,3,9,0.25,0.25,13.75,109.25,4.647772807552562,1.0887858867645264
10v,m s**-1,instant,120,120,120,regular_ll,3,3,9,0.25,0.25,13.75,109.25,4.647772807552562,1.8378080129623413
10v,m s**-1,instant,126,126,126,regular_ll,3,3,9,0.25,0.25,13.75,109.25,4.647772807552562,2.3942105770111084
10v,m s**-1,instant,132,132,132,regular_ll,3,3,9,0.25,0.25,13.75,109.25,4.647772807552562,2.008047580718994
10v,m s**-1,instant,138,138,138,regular_ll,3,3,9,0.25,0.25,13.75,109.25,4.647772807552562,1.965206503868103
10v,m s**-1,instant,144,144,144,regular_ll,3,3,9,0.25,0.25,13.75,109.25,4.647772807552562,2.246585488319397
10v,m s**-1,instant,150,150,150,regular_ll,3,3,9,0.25,0.25,13.75,109.25,4.647772807552562,2.501241445541382
10v,m s**-1,instant,156,156,156,regular_ll,3,3,9,0.25,0.25,13.75,109.25,4.647772807552562,1.4919229745864868
10v,m s**-1,instant,162,162,162,regular_ll,3,3,9,0.25,0.25,13.75,109.25,4.647772807552562,2.079949140548706
10v,m s**-1,instant,168,168,168,regular_ll,3,3,9,0.25,0.25,13.75,109.25,4.647772807552562,1.1034362316131592
10v,m s**-1,instant,174,174,174,regular_ll,3,3,9,0.25,0.25,13.75,109.25,4.647772807552562,1.7211214900016785
10v,m s**-1,instant,180,180,180,regular_ll,3,3,9,0.25,0.25,13.75,109.25,4.647772807552562,1.0099751949310303
10v,m s**-1,instant,186,186,186,regular_ll,3,3,9,0.25,0.25,13.75,109.25,4.647772807552562,2.59470534324646
10v,m s**-1,instant,192,192,192,regular_ll,3,3,9,0.25,0.25,13.75,109.25,4.647772807552562,1.3360722064971924
10v,m s**-1,instant,198,198,198,regular_ll,3,3,9,0.25,0.25,13.75,109.25,4.647772807552562,1.4620372354984283
10v,m s**-1,instant,204,204,204,regular_ll,3,3,9,0.25,0.25,13.75,109.25,4.647772807552562,1.444599986076355
10v,m s**-1,instant,210,210,210,regular_ll,3,3,9,0.25,0.25,13.75,109.25,4.647772807552562,2.226922035217285
10v,m s**-1,instant,216,216,216,regular_ll,3,3,9,0.25,0.25,13.75,109.25,4.647772807552562,1.9457833766937256
10v,m s**-1,instant,222,222,222,regular_ll,3,3,9,0.25,0.25,13.75,109.25,4.647772807552562,2.4788224697113037
10v,m s**-1,instant,228,228,228,regular_ll,3,3,9,0.25,0.25,13.75,109.25,4.647772807552562,1.7303357124328613
10v,m s**-1,instant,234,234,234,regular_ll,3,3,9,0.25,0.25,13.75,109.25,4.647772807552562,2.387240171432495
10v,m s**-1,instant,240,240,240,regular_ll,3,3,9,0.25,0.25,13.75,109.25,4.647772807552562,1.9096591472625732
10v,m s**-1,instant,246,246,246,regular_ll,3,3,9,0.25,0.25,13.75,109.25,4.647772807552562,3.406279444694519
10v,m s**-1,instant,252,252,252,regular_ll,3,3,9,0.25,0.25,13.75,109.25,4.647772807552562,2.4888824224472046
10v,m s**-1,instant,258,258,258,regular_ll,3,3,9,0.25,0.25,13.75,109.25,4.647772807552562,2.602978467941284
10v,m s**-1,instant,264,264,264,regular_ll,3,3,9,0.25,0.25,13.75,109.25,4.647772807552562,2.507744073867798
10v,m s**-1,instant,270,270,270,regular_ll,3,3,9,0.25,0.25,13.75,109.25,4.647772807552562,2.4065533876419067
10v,m s**-1,instant,276,276,276,regular_ll,3,3,9,0.25,0.25,13.75,109.25,4.647772807552562,2.382971167564392
10v,m s**-1,instant,282,282,282,regular_ll,3,3,9,0.25,0.25,13.75,109.25,4.647772807552562,2.6377100944519043
10v,m s**-1,instant,288,288,288,regular_ll,3,3,9,0.25,0.25,13.75,109.25,4.647772807552562,4.375802516937256
10v,m s**-1,instant,294,294,294,regular_ll,3,3,9,0.25,0.25,13.75,109.25,4.647772807552562,3.6332873106002808
10v,m s**-1,instant,300,300,300,regular_ll,3,3,9,0.25,0.25,13.75,109.25,4.647772807552562,3.781650185585022
10v,m s**-1,instant,306,306,306,regular_ll,3,3,9,0.25,0.25,13.75,109.25,4.647772807552562,3.080064058303833
10v,m s**-1,instant,312,312,312,regular_ll,3,3,9,0.25,0.25,13.75,109.25,4.647772807552562,3.1767525672912598
10v,m s**-1,instant,318,318,318,regular_ll,3,3,9,0.25,0.25,13.75,109.25,4.647772807552562,3.2774569988250732
10v,m s**-1,instant,324,324,324,regular_ll,3,3,9,0.25,0.25,13.75,109.25,4.647772807552562,2.520690679550171
10v,m s**-1,instant,330,330,330,regular_ll,3,3,9,0.25,0.25,13.75,109.25,4.647772807552562,3.263942241668701
10v,m s**-1,instant,336,336,336,regular_ll,3,3,9,0.25,0.25,13.75,109.25,4.647772807552562,3.5240588188171387
10v,m s**-1,instant,342,342,342,regular_ll,3,3,9,0.25,0.25,13.75,109.25,4.647772807552562,2.4556400775909424
10v,m s**-1,instant,348,348,348,regular_ll,3,3,9,0.25,0.25,13.75,109.25,4.647772807552562,3.2147772312164307
10v,m s**-1,instant,354,354,354,regular_ll,3,3,9,0.25,0.25,13.75,109.25,4.647772807552562,2.9810283184051514
10v,m s**-1,instant,360,360,360,regular_ll,3,3,9,0.25,0.25,13.75,109.25,4.647772807552562,3.2955493927001953
2d,K,instant,0,0,0,regular_ll,3,3,9,0.25,0.25,13.75,109.25,4.647772807552562,296.9165344238281
2d,K,instant,6,6,6,regular_ll,3,3,9,0.25,0.25,13.75,109.25,4.647772807552562,298.2626647949219
2d,K,instant,12,12,12,regular_ll,3,3,9,0.25,0.25,13.75,109.25,4.647772807552562,298.8965759277344
2d,K,instant,18,18,18,regular_ll,3,3,9,0.25,0.25,13.75,109.25,4.647772807552562,298.3228454589844
2d,K,instant,24,24,24,regular_ll,3,3,9,0.25,0.25,13.75,109.25,4.647772807552562,296.72418212890625
2d,K,instant,30,30,30,regular_ll,3,3,9,0.25,0.25,13.75,109.25,4.647772807552562,296.78204345703125
2d,K,instant,36,36,36,regular_ll,3,3,9,0.25,0.25,13.75,109.25,4.647772807552562,298.95758056640625
2d,K,instant,42,42,42,regular_ll,3,3,9,0.25,0.25,13.75,109.25,4.647772807552562,298.24151611328125
2d,K,instant,48,48,48,regular_ll,3,3,9,0.25,0.25,13.75,109.25,4.647772807552562,296.2127685546875
2d,K,instant,54,54,54,regular_ll,3,3,9,0.25,0.25,13.75,109.25,4.647772807552562,296.6990966796875
2d,K,instant,60,60,60,regular_ll,3,3,9,0.25,0.25,13.75,109.25,4.647772807552562,300.1899719238281
2d,K,instant,66,66,66,regular_ll,3,3,9,0.25,0.25,13.75,109.25,4.647772807552562,296.71466064453125
2d,K,instant,72,72,72,regular_ll,3,3,9,0.25,0.25,13.75,109.25,4.647772807552562,295.8656005859375
2d,K,instant,78,78,78,regular_ll,3,3,9,0.25,0.25,13.75,109.25,4.647772807552562,295.9334716796875
2d,K,instant,84,84,84,regular_ll,3,3,9,0.25,0.25,13.75,109.25,4.647772807552562,297.0879211425781
2d,K,instant,90,90,90,regular_ll,3,3,9,0.25,0.25,13.75,109.25,4.647772807552562,295.88983154296875
2d,K,instant,96,96,96,regular_ll,3,3,9,0.25,0.25,13.75,109.25,4.647772807552562,295.894287109375
2d,K,instant,102,102,102,regular_ll,3,3,9,0.25,0.25,13.75,109.25,4.647772807552562,295.8390808105469
2d,K,instant,108,108,108,regular_ll,3,3,9,0.25,0.25,13.75,109.25,4.647772807552562,296.83489990234375
2d,K,instant,114,114,114,regular_ll,3,3,9,0.25,0.25,13.75,109.25,4.647772807552562,296.3255615234375
2d,K,instant,120,120,120,regular_ll,3,3,9,0.25,0.25,13.75,109.25,4.647772807552562,296.0075378417969
2d,K,instant,126,126,126,regular_ll,3,3,9,0.25,0.25,13.75,109.25,4.647772807552562,296.233154296875
2d,K,instant,132,132,132,regular_ll,3,3,9,0.25,0.25,13.75,109.25,4.647772807552562,296.63995361328125
2d,K,instant,138,138,138,regular_ll,3,3,9,0.25,0.25,13.75,109.25,4.647772807552562,296.3155517578125
2d,K,instant,144,144,144,regular_ll,3,3,9,0.25,0.25,13.75,109.25,4.647772807552562,295.898681640625
2d,K,instant,150,150,150,regular_ll,3,3,9,0.25,0.25,13.75,109.25,4.647772807552562,295.87738037109375
2d,K,instant,156,156,156,regular_ll,3,3,9,0.25,0.25,13.75,109.25,4.647772807552562,296.21710205078125
2d,K,instant,162,162,162,regular_ll,3,3,9,0.25,0.25,13.75,109.25,4.647772807552562,295.8959045410156
2d,K,instant,168,168,168,regular_ll,3,3,9,0.25,0.25,13.75,109.25,4.647772807552562,295.69256591796875
2d,K,instant,174,174,174,regular_ll,3,3,9,0.25,0.25,13.75,109.25,4.647772807552562,296.4259338378906
2d,K,instant,180,180,180,regular_ll,3,3,9,0.25,0.25,13.75,109.25,4.647772807552562,296.3014221191406
2d,K,instant,186,186,186,regular_ll,3,3,9,0.25,0.25,13.75,109.25,4.647772807552562,296.7645568847656
2d,K,instant,192,192,192,regular_ll,3,3,9,0.25,0.25,13.75,109.25,4.647772807552562,296.30718994140625
2d,K,instant,198,198,198,regular_ll,3,3,9,0.25,0.25,13.75,109.25,4.647772807552562,296.0926818847656
2d,K,instant,204,204,204,regular_ll,3,3,9,0.25,0.25,13.75,109.25,4.647772807552562,297.07989501953125
2d,K,instant,210,210,210,regular_ll,3,3,9,0.25,0.25,13.75,109.25,4.647772807552562,296.35369873046875
2d,K,instant,216,216,216,regular_ll,3,3,9,0.25,0.25,13.75,109.25,4.647772807552562,296.0599060058594
2d,K,instant,222,222,222,regular_ll,3,3,9,0.25,0.25,13.75,109.25,4.647772807552562,296.6415100097656
2d,K,instant,228,228,228,regular_ll,3,3,9,0.25,0.25,13.75,109.25,4.647772807552562,296.848876953125
2d,K,instant,234,234,234,regular_ll,3,3,9,0.25,0.25,13.75,109.25,4.647772807552562,295.9163818359375
2d,K,instant,240,240,240,regular_ll,3,3,9,0.25,0.25,13.75,109.25,4.647772807552562,296.0083312988281
2d,K,instant,246,246,246,regular_ll,3,3,9,0.25,0.25,13.75,109.25,4.647772807552562,296.525146484375
2d,K,instant,252,252,252,regular_ll,3,3,9,0.25,0.25,13.75,109.25,4.647772807552562,296.74566650390625
2d,K,instant,258,258,258,regular_ll,3,3,9,0.25,0.25,13.75,109.25,4.647772807552562,295.9668884277344
2d,K,instant,264,264,264,regular_ll,3,3,9,0.25,0.25,13.75,109.25,4.647772807552562,295.7037353515625
2d,K,instant,270,270,270,regular_ll,3,3,9,0.25,0.25,13.75,109.25,4.647772807552562,296.5052185058594
2d,K,instant,276,276,276,regular_ll,3,3,9,0.25,0.25,13.75,109.25,4.647772807552562,296.8766784667969
2d,K,instant,282,282,282,regular_ll,3,3,9,0.25,0.25,13.75,109.25,4.647772807552562,296.0579833984375
2d,K,instant,288,288,288,regular_ll,3,3,9,0.25,0.25,13.75,109.25,4.647772807552562,295.7073974609375
2d,K,instant,294,294,294,regular_ll,3,3,9,0.25,0.25,13.75,109.25,4.647772807552562,296.2615966796875
2d,K,instant,300,300,300,regular_ll,3,3,9,0.25,0.25,13.75,109.25,4.647772807552562,296.6676025390625
2d,K,instant,306,306,306,regular_ll,3,3,9,0.25,0.25,13.75,109.25,4.647772807552562,296.31280517578125
2d,K,instant,312,312,312,regular_ll,3,3,9,0.25,0.25,13.75,109.25,4.647772807552562,296.1014404296875
2d,K,instant,318,318,318,regular_ll,3,3,9,0.25,0.25,13.75,109.25,4.647772807552562,296.3330078125
2d,K,instant,324,324,324,regular_ll,3,3,9,0.25,0.25,13.75,109.25,4.647772807552562,296.8232727050781
2d,K,instant,330,330,330,regular_ll,3,3,9,0.25,0.25,13.75,109.25,4.647772807552562,296.4339904785156
2d,K,instant,336,336,336,regular_ll,3,3,9,0.25,0.25,13.75,109.25,4.647772807552562,296.056396484375
2d,K,instant,342,342,342,regular_ll,3,3,9,0.25,0.25,13.75,109.25,4.647772807552562,296.2010803222656
2d,K,instant,348,348,348,regular_ll,3,3,9,0.25,0.25,13.75,109.25,4.647772807552562,296.5254821777344
2d,K,instant,354,354,354,regular_ll,3,3,9,0.25,0.25,13.75,109.25,4.647772807552562,296.2782287597656
2d,K,instant,360,360,360,regular_ll,3,3,9,0.25,0.25,13.75,109.25,4.647772807552562,295.8672790527344
2t,K,instant,0,0,0,regular_ll,3,3,9,0.25,0.25,13.75,109.25,4.647772807552562,301.54791259765625
2t,K,instant,6,6,6,regular_ll,3,3,9,0.25,0.25,13.75,109.25,4.647772807552562,302.4333801269531
2t,K,instant,12,12,12,regular_ll,3,3,9,0.25,0.25,13.75,109.25,4.647772807552562,301.4570007324219
2t,K,instant,18,18,18,regular_ll,3,3,9,0.25,0.25,13.75,109.25,4.647772807552562,300.1414794921875
2t,K,instant,24,24,24,regular_ll,3,3,9,0.25,0.25,13.75,109.25,4.647772807552562,301.2414245605469
2t,K,instant,30,30,30,regular_ll,3,3,9,0.25,0.25,13.75,109.25,4.647772807552562,306.34930419921875
2t,K,instant,36,36,36,regular_ll,3,3,9,0.25,0.25,13.75,109.25,4.647772807552562,301.4648742675781
2t,K,instant,42,42,42,regular_ll,3,3,9,0.25,0.25,13.75,109.25,4.647772807552562,300.8497009277344
2t,K,instant,48,48,48,regular_ll,3,3,9,0.25,0.25,13.75,109.25,4.647772807552562,301.4363098144531
2t,K,instant,54,54,54,regular_ll,3,3,9,0.25,0.25,13.75,109.25,4.647772807552562,307.3017272949219
2t,K,instant,60,60,60,regular_ll,3,3,9,0.25,0.25,13.75,109.25,4.647772807552562,301.8539123535156
2t,K,instant,66,66,66,regular_ll,3,3,9,0.25,0.25,13.75,109.25,4.647772807552562,301.3235168457031
2t,K,instant,72,72,72,regular_ll,3,3,9,0.25,0.25,13.75,109.25,4.647772807552562,301.5362854003906
2t,K,instant,78,78,78,regular_ll,3,3,9,0.25,0.25,13.75,109.25,4.647772807552562,306.93255615234375
2t,K,instant,84,84,84,regular_ll,3,3,9,0.25,0.25,13.75,109.25,4.647772807552562,303.6133117675781
2t,K,instant,90,90,90,regular_ll,3,3,9,0.25,0.25,13.75,109.25,4.647772807552562,300.3030700683594
2t,K,instant,96,96,96,regular_ll,3,3,9,0.25,0.25,13.75,109.25,4.647772807552562,301.38702392578125
2t,K,instant,102,102,102,regular_ll,3,3,9,0.25,0.25,13.75,109.25,4.647772807552562,305.48272705078125
2t,K,instant,108,108,108,regular_ll,3,3,9,0.25,0.25,13.75,109.25,4.647772807552562,303.38482666015625
2t,K,instant,114,114,114,regular_ll,3,3,9,0.25,0.25,13.75,109.25,4.647772807552562,301.46331787109375
2t,K,instant,120,120,120,regular_ll,3,3,9,0.25,0.25,13.75,109.25,4.647772807552562,301.7909851074219
2t,K,instant,126,126,126,regular_ll,3,3,9,0.25,0.25,13.75,109.25,4.647772807552562,305.5243835449219
2t,K,instant,132,132,132,regular_ll,3,3,9,0.25,0.25,13.75,109.25,4.647772807552562,302.91455078125
2t,K,instant,138,138,138,regular_ll,3,3,9,0.25,0.25,13.75,109.25,4.647772807552562,301.4703063964844
2t,K,instant,144,144,144,regular_ll,3,3,9,0.25,0.25,13.75,109.25,4.647772807552562,301.8130798339844
2t,K,instant,150,150,150,regular_ll,3,3,9,0.25,0.25,13.75,109.25,4.647772807552562,305.2177429199219
2t,K,instant,156,156,156,regular_ll,3,3,9,0.25,0.25,13.75,109.25,4.647772807552562,302.4048767089844
2t,K,instant,162,162,162,regular_ll,3,3,9,0.25,0.25,13.75,109.25,4.647772807552562,301.6592712402344
2t,K,instant,168,168,168,regular_ll,3,3,9,0.25,0.25,13.75,109.25,4.647772807552562,301.6438293457031
2t,K,instant,174,174,174,regular_ll,3,3,9,0.25,0.25,13.75,109.25,4.647772807552562,302.8631286621094
2t,K,instant,180,180,180,regular_ll,3,3,9,0.25,0.25,13.75,109.25,4.647772807552562,300.6665344238281
2t,K,instant,186,186,186,regular_ll,3,3,9,0.25,0.25,13.75,109.25,4.647772807552562,299.40521240234375
2t,K,instant,192,192,192,regular_ll,3,3,9,0.25,0.25,13.75,109.25,4.647772807552562,300.7541809082031
2t,K,instant,198,198,198,regular_ll,3,3,9,0.25,0.25,13.75,109.25,4.647772807552562,302.3548889160156
2t,K,instant,204,204,204,regular_ll,3,3,9,0.25,0.25,13.75,109.25,4.647772807552562,300.4833068847656
2t,K,instant,210,210,210,regular_ll,3,3,9,0.25,0.25,13.75,109.25,4.647772807552562,301.2652893066406
2t,K,instant,216,216,216,regular_ll,3,3,9,0.25,0.25,13.75,109.25,4.647772807552562,301.69610595703125
2t,K,instant,222,222,222,regular_ll,3,3,9,0.25,0.25,13.75,109.25,4.647772807552562,304.3578186035156
2t,K,instant,228,228,228,regular_ll,3,3,9,0.25,0.25,13.75,109.25,4.647772807552562,301.93743896484375
2t,K,instant,234,234,234,regular_ll,3,3,9,0.25,0.25,13.75,109.25,4.647772807552562,301.173583984375
2t,K,instant,240,240,240,regular_ll,3,3,9,0.25,0.25,13.75,109.25,4.647772807552562,301.5591735839844
2t,K,instant,246,246,246,regular_ll,3,3,9,0.25,0.25,13.75,109.25,4.647772807552562,304.8128967285156
2t,K,instant,252,252,252,regular_ll,3,3,9,0.25,0.25,13.75,109.25,4.647772807552562,303.126220703125
2t,K,instant,258,258,258,regular_ll,3,3,9,0.25,0.25,13.75,109.25,4.647772807552562,301.3883056640625
2t,K,instant,264,264,264,regular_ll,3,3,9,0.25,0.25,13.75,109.25,4.647772807552562,302.1160583496094
2t,K,instant,270,270,270,regular_ll,3,3,9,0.25,0.25,13.75,109.25,4.647772807552562,304.7382507324219
2t,K,instant,276,276,276,regular_ll,3,3,9,0.25,0.25,13.75,109.25,4.647772807552562,303.5568542480469
2t,K,instant,282,282,282,regular_ll,3,3,9,0.25,0.25,13.75,109.25,4.647772807552562,301.6441345214844
2t,K,instant,288,288,288,regular_ll,3,3,9,0.25,0.25,13.75,109.25,4.647772807552562,302.229736328125
2t,K,instant,294,294,294,regular_ll,3,3,9,0.25,0.25,13.75,109.25,4.647772807552562,305.3594665527344
2t,K,instant,300,300,300,regular_ll,3,3,9,0.25,0.25,13.75,109.25,4.647772807552562,302.9993896484375
2t,K,instant,306,306,306,regular_ll,3,3,9,0.25,0.25,13.75,109.25,4.647772807552562,301.7903747558594
2t,K,instant,312,312,312,regular_ll,3,3,9,0.25,0.25,13.75,109.25,4.647772807552562,302.1615905761719
2t,K,instant,318,318,318,regular_ll,3,3,9,0.25,0.25,13.75,109.25,4.647772807552562,306.11126708984375
2t,K,instant,324,324,324,regular_ll,3,3,9,0.25,0.25,13.75,109.25,4.647772807552562,303.48388671875
2t,K,instant,330,330,330,regular_ll,3,3,9,0.25,0.25,13.75,109.25,4.647772807552562,302.0283508300781
2t,K,instant,336,336,336,regular_ll,3,3,9,0.25,0.25,13.75,109.25,4.647772807552562,302.165771484375
2t,K,instant,342,342,342,regular_ll,3,3,9,0.25,0.25,13.75,109.25,4.647772807552562,305.59716796875
2t,K,instant,348,348,348,regular_ll,3,3,9,0.25,0.25,13.75,109.25,4.647772807552562,303.09783935546875
2t,K,instant,354,354,354,regular_ll,3,3,9,0.25,0.25,13.75,109.25,4.647772807552562,301.6365661621094
2t,K,instant,360,360,360,regular_ll,3,3,9,0.25,0.25,13.75,109.25,4.647772807552562,302.2997131347656
sp,Pa,instant,0,0,0,regular_ll,3,3,9,0.25,0.25,13.75,109.25,4.647772807552562,100233.96875
sp,Pa,instant,6,6,6,regular_ll,3,3,9,0.25,0.25,13.75,109.25,4.647772807552562,100116.7265625
sp,Pa,instant,12,12,12,regular_ll,3,3,9,0.25,0.25,13.75,109.25,4.647772807552562,100187.2109375
sp,Pa,instant,18,18,18,regular_ll,3,3,9,0.25,0.25,13.75,109.25,4.647772807552562,100259.9921875
sp,Pa,instant,24,24,24,regular_ll,3,3,9,0.25,0.25,13.75,109.25,4.647772807552562,100276.0390625
sp,Pa,instant,30,30,30,regular_ll,3,3,9,0.25,0.25,13.75,109.25,4.647772807552562,100123.1953125
sp,Pa,instant,36,36,36,regular_ll,3,3,9,0.25,0.25,13.75,109.25,4.647772807552562,100125.2578125
sp,Pa,instant,42,42,42,regular_ll,3,3,9,0.25,0.25,13.75,109.25,4.647772807552562,100252.7734375
sp,Pa,instant,48,48,48,regular_ll,3,3,9,0.25,0.25,13.75,109.25,4.647772807552562,100306.0703125
sp,Pa,instant,54,54,54,regular_ll,3,3,9,0.25,0.25,13.75,109.25,4.647772807552562,100085.0703125
sp,Pa,instant,60,60,60,regular_ll,3,3,9,0.25,0.25,13.75,109.25,4.647772807552562,100135.7578125
sp,Pa,instant,66,66,66,regular_ll,3,3,9,0.25,0.25,13.75,109.25,4.647772807552562,100260.265625
sp,Pa,instant,72,72,72,regular_ll,3,3,9,0.25,0.25,13.75,109.25,4.647772807552562,100261.484375
sp,Pa,instant,78,78,78,regular_ll,3,3,9,0.25,0.25,13.75,109.25,4.647772807552562,100098.65625
sp,Pa,instant,84,84,84,regular_ll,3,3,9,0.25,0.25,13.75,109.25,4.647772807552562,100086.1796875
sp,Pa,instant,90,90,90,regular_ll,3,3,9,0.25,0.25,13.75,109.25,4.647772807552562,100070.7421875
sp,Pa,instant,96,96,96,regular_ll,3,3,9,0.25,0.25,13.75,109.25,4.647772807552562,100110.2109375
sp,Pa,instant,102,102,102,regular_ll,3,3,9,0.25,0.25,13.75,109.25,4.647772807552562,99938.34375
sp,Pa,instant,108,108,108,regular_ll,3,3,9,0.25,0.25,13.75,109.25,4.647772807552562,99988.7578125
sp,Pa,instant,114,114,114,regular_ll,3,3,9,0.25,0.25,13.75,109.25,4.647772807552562,99970.1484375
sp,Pa,instant,120,120,120,regular_ll,3,3,9,0.25,0.25,13.75,109.25,4.647772807552562,99948.09375
sp,Pa,instant,126,126,126,regular_ll,3,3,9,0.25,0.25,13.75,109.25,4.647772807552562,99801.5859375
sp,Pa,instant,132,132,132,regular_ll,3,3,9,0.25,0.25,13.75,109.25,4.647772807552562,99933.75
sp,Pa,instant,138,138,138,regular_ll,3,3,9,0.25,0.25,13.75,109.25,4.647772807552562,99896.2578125
sp,Pa,instant,144,144,144,regular_ll,3,3,9,0.25,0.25,13.75,109.25,4.647772807552562,99851.2890625
sp,Pa,instant,150,150,150,regular_ll,3,3,9,0.25,0.25,13.75,109.25,4.647772807552562,99704.921875
sp,Pa,instant,156,156,156,regular_ll,3,3,9,0.25,0.25,13.75,109.25,4.647772807552562,99910.7734375
sp,Pa,instant,162,162,162,regular_ll,3,3,9,0.25,0.25,13.75,109.25,4.647772807552562,99850.1015625
sp,Pa,instant,168,168,168,regular_ll,3,3,9,0.25,0.25,13.75,109.25,4.647772807552562,99832.640625
sp,Pa,instant,174,174,174,regular_ll,3,3,9,0.25,0.25,13.75,109.25,4.647772807552562,99724.5234375
sp,Pa,instant,180,180,180,regular_ll,3,3,9,0.25,0.25,13.75,109.25,4.647772807552562,99816.4453125
sp,Pa,instant,186,186,186,regular_ll,3,3,9,0.25,0.25,13.75,109.25,4.647772807552562,99670.1640625
sp,Pa,instant,192,192,192,regular_ll,3,3,9,0.25,0.25,13.75,109.25,4.647772807552562,99662.2578125
sp,Pa,instant,198,198,198,regular_ll,3,3,9,0.25,0.25,13.75,109.25,4.647772807552562,99508.8125
sp,Pa,instant,204,204,204,regular_ll,3,3,9,0.25,0.25,13.75,109.25,4.647772807552562,99740.1015625
sp,Pa,instant,210,210,210,regular_ll,3,3,9,0.25,0.25,13.75,109.25,4.647772807552562,99558.4609375
sp,Pa,instant,216,216,216,regular_ll,3,3,9,0.25,0.25,13.75,109.25,4.647772807552562,99613.7734375
sp,Pa,instant,222,222,222,regular_ll,3,3,9,0.25,0.25,13.75,109.25,4.647772807552562,99623.2109375
sp,Pa,instant,228,228,228,regular_ll,3,3,9,0.25,0.25,13.75,109.25,4.647772807552562,99815.8984375
sp,Pa,instant,234,234,234,regular_ll,3,3,9,0.25,0.25,13.75,109.25,4.647772807552562,99787.890625
sp,Pa,instant,240,240,240,regular_ll,3,3,9,0.25,0.25,13.75,109.25,4.647772807552562,99830.0859375
sp,Pa,instant,246,246,246,regular_ll,3,3,9,0.25,0.25,13.75,109.25,4.647772807552562,99703.0703125
sp,Pa,instant,252,252,252,regular_ll,3,3,9,0.25,0.25,13.75,109.25,4.647772807552562,99833.171875
sp,Pa,instant,258,258,258,regular_ll,3,3,9,0.25,0.25,13.75,109.25,4.647772807552562,99803.9296875
sp,Pa,instant,264,264,264,regular_ll,3,3,9,0.25,0.25,13.75,109.25,4.647772807552562,99786.265625
sp,Pa,instant,270,270,270,regular_ll,3,3,9,0.25,0.25,13.75,109.25,4.647772807552562,99685.8203125
sp,Pa,instant,276,276,276,regular_ll,3,3,9,0.25,0.25,13.75,109.25,4.647772807552562,99721.09375
sp,Pa,instant,282,282,282,regular_ll,3,3,9,0.25,0.25,13.75,109.25,4.647772807552562,99699.4453125
sp,Pa,instant,288,288,288,regular_ll,3,3,9,0.25,0.25,13.75,109.25,4.647772807552562,99717.25
sp,Pa,instant,294,294,294,regular_ll,3,3,9,0.25,0.25,13.75,109.25,4.647772807552562,99624.359375
sp,Pa,instant,300,300,300,regular_ll,3,3,9,0.25,0.25,13.75,109.25,4.647772807552562,99625.296875
sp,Pa,instant,306,306,306,regular_ll,3,3,9,0.25,0.25,13.75,109.25,4.647772807552562,99653.15625
sp,Pa,instant,312,312,312,regular_ll,3,3,9,0.25,0.25,13.75,109.25,4.647772807552562,99804.6328125
sp,Pa,instant,318,318,318,regular_ll,3,3,9,0.25,0.25,13.75,109.25,4.647772807552562,99665.0
sp,Pa,instant,324,324,324,regular_ll,3,3,9,0.25,0.25,13.75,109.25,4.647772807552562,99742.28125
sp,Pa,instant,330,330,330,regular_ll,3,3,9,0.25,0.25,13.75,109.25,4.647772807552562,99738.453125
sp,Pa,instant,336,336,336,regular_ll,3,3,9,0.25,0.25,13.75,109.25,4.647772807552562,99818.3046875
sp,Pa,instant,342,342,342,regular_ll,3,3,9,0.25,0.25,13.75,109.25,4.647772807552562,99628.703125
sp,Pa,instant,348,348,348,regular_ll,3,3,9,0.25,0.25,13.75,109.25,4.647772807552562,99741.6171875
sp,Pa,instant,354,354,354,regular_ll,3,3,9,0.25,0.25,13.75,109.25,4.647772807552562,99726.75
sp,Pa,instant,360,360,360,regular_ll,3,3,9,0.25,0.25,13.75,109.25,4.647772807552562,99718.0859375
ssr,J m**-2,accum,0,0,0,regular_ll,3,3,9,0.25,0.25,13.75,109.25,4.647772807552562,0.0
ssr,J m**-2,accum,0-6,0,6,regular_ll,3,3,9,0.25,0.25,13.75,109.25,4.647772807552562,12813242.0
ssr,J m**-2,accum,0-12,0,12,regular_ll,3,3,9,0.25,0.25,13.75,109.25,4.647772807552562,19605434.0
ssr,J m**-2,accum,0-18,0,18,regular_ll,3,3,9,0.25,0.25,13.75,109.25,4.647772807552562,19605435.0
ssr,J m**-2,accum,0-24,0,24,regular_ll,3,3,9,0.25,0.25,13.75,109.25,4.647772807552562,20149310.0
ssr,J m**-2,accum,0-30,0,30,regular_ll,3,3,9,0.25,0.25,13.75,109.25,4.647772807552562,34638346.0
ssr,J m**-2,accum,0-36,0,36,regular_ll,3,3,9,0.25,0.25,13.75,109.25,4.647772807552562,41863212.0
ssr,J m**-2,accum,0-42,0,42,regular_ll,3,3,9,0.25,0.25,13.75,109.25,4.647772807552562,41863212.0
ssr,J m**-2,accum,0-48,0,48,regular_ll,3,3,9,0.25,0.25,13.75,109.25,4.647772807552562,42400716.0
ssr,J m**-2,accum,0-54,0,54,regular_ll,3,3,9,0.25,0.25,13.75,109.25,4.647772807552562,57231824.0
ssr,J m**-2,accum,0-60,0,60,regular_ll,3,3,9,0.25,0.25,13.75,109.25,4.647772807552562,65466992.0
ssr,J m**-2,accum,0-66,0,66,regular_ll,3,3,9,0.25,0.25,13.75,109.25,4.647772807552562,65466992.0
ssr,J m**-2,accum,0-72,0,72,regular_ll,3,3,9,0.25,0.25,13.75,109.25,4.647772807552562,65920496.0
ssr,J m**-2,accum,0-78,0,78,regular_ll,3,3,9,0.25,0.25,13.75,109.25,4.647772807552562,80027480.0
ssr,J m**-2,accum,0-84,0,84,regular_ll,3,3,9,0.25,0.25,13.75,109.25,4.647772807552562,87559312.0
ssr,J m**-2,accum,0-90,0,90,regular_ll,3,3,9,0.25,0.25,13.75,109.25,4.647772807552562,87559312.0
ssr,J m**-2,accum,0-96,0,96,regular_ll,3,3,9,0.25,0.25,13.75,109.25,4.647772807552562,87882984.0
ssr,J m**-2,accum,0-102,0,102,regular_ll,3,3,9,0.25,0.25,13.75,109.25,4.647772807552562,96889568.0
ssr,J m**-2,accum,0-108,0,108,regular_ll,3,3,9,0.25,0.25,13.75,109.25,4.647772807552562,103752264.0
ssr,J m**-2,accum,0-114,0,114,regular_ll,3,3,9,0.25,0.25,13.75,109.25,4.647772807552562,103752264.0
ssr,J m**-2,accum,0-120,0,120,regular_ll,3,3,9,0.25,0.25,13.75,109.25,4.647772807552562,103966920.0
ssr,J m**-2,accum,0-126,0,126,regular_ll,3,3,9,0.25,0.25,13.75,109.25,4.647772807552562,112538176.0
ssr,J m**-2,accum,0-132,0,132,regular_ll,3,3,9,0.25,0.25,13.75,109.25,4.647772807552562,117064592.0
ssr,J m**-2,accum,0-138,0,138,regular_ll,3,3,9,0.25,0.25,13.75,109.25,4.647772807552562,117064592.0
ssr,J m**-2,accum,0-144,0,144,regular_ll,3,3,9,0.25,0.25,13.75,109.25,4.647772807552562,117299312.0
ssr,J m**-2,accum,0-150,0,150,regular_ll,3,3,9,0.25,0.25,13.75,109.25,4.647772807552562,126490416.0
ssr,J m**-2,accum,0-156,0,156,regular_ll,3,3,9,0.25,0.25,13.75,109.25,4.647772807552562,129221704.0
ssr,J m**-2,accum,0-162,0,162,regular_ll,3,3,9,0.25,0.25,13.75,109.25,4.647772807552562,129221704.0
ssr,J m**-2,accum,0-168,0,168,regular_ll,3,3,9,0.25,0.25,13.75,109.25,4.647772807552562,129347632.0
ssr,J m**-2,accum,0-174,0,174,regular_ll,3,3,9,0.25,0.25,13.75,109.25,4.647772807552562,134447608.0
ssr,J m**-2,accum,0-180,0,180,regular_ll,3,3,9,0.25,0.25,13.75,109.25,4.647772807552562,136503144.0
ssr,J m**-2,accum,0-186,0,186,regular_ll,3,3,9,0.25,0.25,13.75,109.25,4.647772807552562,136503144.0
ssr,J m**-2,accum,0-192,0,192,regular_ll,3,3,9,0.25,0.25,13.75,109.25,4.647772807552562,136661144.0
ssr,J m**-2,accum,0-198,0,198,regular_ll,3,3,9,0.25,0.25,13.75,109.25,4.647772807552562,142965416.0
ssr,J m**-2,accum,0-204,0,204,regular_ll,3,3,9,0.25,0.25,13.75,109.25,4.647772807552562,144484000.0
ssr,J m**-2,accum,0-210,0,210,regular_ll,3,3,9,0.25,0.25,13.75,109.25,4.647772807552562,144484000.0
ssr,J m**-2,accum,0-216,0,216,regular_ll,3,3,9,0.25,0.25,13.75,109.25,4.647772807552562,144701776.0
ssr,J m**-2,accum,0-222,0,222,regular_ll,3,3,9,0.25,0.25,13.75,109.25,4.647772807552562,151598760.0
ssr,J m**-2,accum,0-228,0,228,regular_ll,3,3,9,0.25,0.25,13.75,109.25,4.647772807552562,156741272.0
ssr,J m**-2,accum,0-234,0,234,regular_ll,3,3,9,0.25,0.25,13.75,109.25,4.647772807552562,156741272.0
ssr,J m**-2,accum,0-240,0,240,regular_ll,3,3,9,0.25,0.25,13.75,109.25,4.647772807552562,156883232.0
ssr,J m**-2,accum,0-246,0,246,regular_ll,3,3,9,0.25,0.25,13.75,109.25,4.647772807552562,164202048.0
ssr,J m**-2,accum,0-252,0,252,regular_ll,3,3,9,0.25,0.25,13.75,109.25,4.647772807552562,168970104.0
ssr,J m**-2,accum,0-258,0,258,regular_ll,3,3,9,0.25,0.25,13.75,109.25,4.647772807552562,168970104.0
ssr,J m**-2,accum,0-264,0,264,regular_ll,3,3,9,0.25,0.25,13.75,109.25,4.647772807552562,169209424.0
ssr,J m**-2,accum,0-270,0,270,regular_ll,3,3,9,0.25,0.25,13.75,109.25,4.647772807552562,177062168.0
ssr,J m**-2,accum,0-276,0,276,regular_ll,3,3,9,0.25,0.25,13.75,109.25,4.647772807552562,183009168.0
ssr,J m**-2,accum,0-282,0,282,regular_ll,3,3,9,0.25,0.25,13.75,109.25,4.647772807552562,183009168.0
ssr,J m**-2,accum,0-288,0,288,regular_ll,3,3,9,0.25,0.25,13.75,109.25,4.647772807552562,183329184.0
ssr,J m**-2,accum,0-294,0,294,regular_ll,3,3,9,0.25,0.25,13.75,109.25,4.647772807552562,191609264.0
ssr,J m**-2,accum,0-300,0,300,regular_ll,3,3,9,0.25,0.25,13.75,109.25,4.647772807552562,196013984.0
ssr,J m**-2,accum,0-306,0,306,regular_ll,3,3,9,0.25,0.25,13.75,109.25,4.647772807552562,196013984.0
ssr,J m**-2,accum,0-312,0,312,regular_ll,3,3,9,0.25,0.25,13.75,109.25,4.647772807552562,196202240.0
ssr,J m**-2,accum,0-318,0,318,regular_ll,3,3,9,0.25,0.25,13.75,109.25,4.647772807552562,204819120.0
ssr,J m**-2,accum,0-324,0,324,regular_ll,3,3,9,0.25,0.25,13.75,109.25,4.647772807552562,209538384.0
ssr,J m**-2,accum,0-330,0,330,regular_ll,3,3,9,0.25,0.25,13.75,109.25,4.647772807552562,209538384.0
ssr,J m**-2,accum,0-336,0,336,regular_ll,3,3,9,0.25,0.25,13.75,109.25,4.647772807552562,209726880.0
ssr,J m**-2,accum,0-342,0,342,regular_ll,3,3,9,0.25,0.25,13.75,109.25,4.647772807552562,217413392.0
ssr,J m**-2,accum,0-348,0,348,regular_ll,3,3,9,0.25,0.25,13.75,109.25,4.647772807552562,221715072.0
ssr,J m**-2,accum,0-354,0,354,regular_ll,3,3,9,0.25,0.25,13.75,109.25,4.647772807552562,221715072.0
ssr,J m**-2,accum,0-360,0,360,regular_ll,3,3,9,0.25,0.25,13.75,109.25,4.647772807552562,222005728.0
tcc,%,instant,0,0,0,regular_ll,3,3,9,0.25,0.25,13.75,109.25,4.647772807552562,99.9007339477539
tcc,%,instant,6,6,6,regular_ll,3,3,9,0.25,0.25,13.75,109.25,4.647772807552562,95.13167572021484
tcc,%,instant,12,12,12,regular_ll,3,3,9,0.25,0.25,13.75,109.25,4.647772807552562,96.6189956665039
tcc,%,instant,18,18,18,regular_ll,3,3,9,0.25,0.25,13.75,109.25,4.647772807552562,90.29043960571289
tcc,%,instant,24,24,24,regular_ll,3,3,9,0.25,0.25,13.75,109.25,4.647772807552562,94.55482482910156
tcc,%,instant,30,30,30,regular_ll,3,3,9,0.25,0.25,13.75,109.25,4.647772807552562,99.99420166015625
tcc,%,instant,36,36,36,regular_ll,3,3,9,0.25,0.25,13.75,109.25,4.647772807552562,90.75520324707031
tcc,%,instant,42,42,42,regular_ll,3,3,9,0.25,0.25,13.75,109.25,4.647772807552562,35.270944595336914
tcc,%,instant,48,48,48,regular_ll,3,3,9,0.25,0.25,13.75,109.25,4.647772807552562,28.672167778015137
tcc,%,instant,54,54,54,regular_ll,3,3,9,0.25,0.25,13.75,109.25,4.647772807552562,15.384521961212158
tcc,%,instant,60,60,60,regular_ll,3,3,9,0.25,0.25,13.75,109.25,4.647772807552562,10.528713941574097
tcc,%,instant,66,66,66,regular_ll,3,3,9,0.25,0.25,13.75,109.25,4.647772807552562,75.57492446899414
tcc,%,instant,72,72,72,regular_ll,3,3,9,0.25,0.25,13.75,109.25,4.647772807552562,64.54446411132812
tcc,%,instant,78,78,78,regular_ll,3,3,9,0.25,0.25,13.75,109.25,4.647772807552562,75.33896255493164
tcc,%,instant,84,84,84,regular_ll,3,3,9,0.25,0.25,13.75,109.25,4.647772807552562,88.3525161743164
tcc,%,instant,90,90,90,regular_ll,3,3,9,0.25,0.25,13.75,109.25,4.647772807552562,90.92831420898438
tcc,%,instant,96,96,96,regular_ll,3,3,9,0.25,0.25,13.75,109.25,4.647772807552562,99.18804168701172
tcc,%,instant,102,102,102,regular_ll,3,3,9,0.25,0.25,13.75,109.25,4.647772807552562,95.85712432861328
tcc,%,instant,108,108,108,regular_ll,3,3,9,0.25,0.25,13.75,109.25,4.647772807552562,74.84845733642578
tcc,%,instant,114,114,114,regular_ll,3,3,9,0.25,0.25,13.75,109.25,4.647772807552562,99.3067626953125
tcc,%,instant,120,120,120,regular_ll,3,3,9,0.25,0.25,13.75,109.25,4.647772807552562,99.99132537841797
tcc,%,instant,126,126,126,regular_ll,3,3,9,0.25,0.25,13.75,109.25,4.647772807552562,98.58955383300781
tcc,%,instant,132,132,132,regular_ll,3,3,9,0.25,0.25,13.75,109.25,4.647772807552562,98.20951080322266
tcc,%,instant,138,138,138,regular_ll,3,3,9,0.25,0.25,13.75,109.25,4.647772807552562,99.47022247314453
tcc,%,instant,144,144,144,regular_ll,3,3,9,0.25,0.25,13.75,109.25,4.647772807552562,98.89682006835938
tcc,%,instant,150,150,150,regular_ll,3,3,9,0.25,0.25,13.75,109.25,4.647772807552562,99.98941898345947
tcc,%,instant,156,156,156,regular_ll,3,3,9,0.25,0.25,13.75,109.25,4.647772807552562,99.1279067993164
tcc,%,instant,162,162,162,regular_ll,3,3,9,0.25,0.25,13.75,109.25,4.647772807552562,100.0
tcc,%,instant,168,168,168,regular_ll,3,3,9,0.25,0.25,13.75,109.25,4.647772807552562,99.99636840820312
tcc,%,instant,174,174,174,regular_ll,3,3,9,0.25,0.25,13.75,109.25,4.647772807552562,99.92251205444336
tcc,%,instant,180,180,180,regular_ll,3,3,9,0.25,0.25,13.75,109.25,4.647772807552562,99.53239440917969
tcc,%,instant,186,186,186,regular_ll,3,3,9,0.25,0.25,13.75,109.25,4.647772807552562,99.9990406036377
tcc,%,instant,192,192,192,regular_ll,3,3,9,0.25,0.25,13.75,109.25,4.647772807552562,99.59888458251953
tcc,%,instant,198,198,198,regular_ll,3,3,9,0.25,0.25,13.75,109.25,4.647772807552562,99.72848510742188
tcc,%,instant,204,204,204,regular_ll,3,3,9,0.25,0.25,13.75,109.25,4.647772807552562,99.99999237060547
tcc,%,instant,210,210,210,regular_ll,3,3,9,0.25,0.25,13.75,109.25,4.647772807552562,94.20742416381836
tcc,%,instant,216,216,216,regular_ll,3,3,9,0.25,0.25,13.75,109.25,4.647772807552562,99.67218780517578
tcc,%,instant,222,222,222,regular_ll,3,3,9,0.25,0.25,13.75,109.25,4.647772807552562,98.77662658691406
tcc,%,instant,228,228,228,regular_ll,3,3,9,0.25,0.25,13.75,109.25,4.647772807552562,100.00006103515625
tcc,%,instant,234,234,234,regular_ll,3,3,9,0.25,0.25,13.75,109.25,4.647772807552562,99.8062973022461
tcc,%,instant,240,240,240,regular_ll,3,3,9,0.25,0.25,13.75,109.25,4.647772807552562,99.99989318847656
tcc,%,instant,246,246,246,regular_ll,3,3,9,0.25,0.25,13.75,109.25,4.647772807552562,83.52738952636719
tcc,%,instant,252,252,252,regular_ll,3,3,9,0.25,0.25,13.75,109.25,4.647772807552562,95.86988067626953
tcc,%,instant,258,258,258,regular_ll,3,3,9,0.25,0.25,13.75,109.25,4.647772807552562,98.99176788330078
tcc,%,instant,264,264,264,regular_ll,3,3,9,0.25,0.25,13.75,109.25,4.647772807552562,99.97584533691406
tcc,%,instant,270,270,270,regular_ll,3,3,9,0.25,0.25,13.75,109.25,4.647772807552562,99.70941162109375
tcc,%,instant,276,276,276,regular_ll,3,3,9,0.25,0.25,13.75,109.25,4.647772807552562,99.93051147460938
tcc,%,instant,282,282,282,regular_ll,3,3,9,0.25,0.25,13.75,109.25,4.647772807552562,99.70849609375
tcc,%,instant,288,288,288,regular_ll,3,3,9,0.25,0.25,13.75,109.25,4.647772807552562,99.97553634643555
tcc,%,instant,294,294,294,regular_ll,3,3,9,0.25,0.25,13.75,109.25,4.647772807552562,99.74713134765625
tcc,%,instant,300,300,300,regular_ll,3,3,9,0.25,0.25,13.75,109.25,4.647772807552562,98.55482482910156
tcc,%,instant,306,306,306,regular_ll,3,3,9,0.25,0.25,13.75,109.25,4.647772807552562,99.65536499023438
tcc,%,instant,312,312,312,regular_ll,3,3,9,0.25,0.25,13.75,109.25,4.647772807552562,99.98434448242188
tcc,%,instant,318,318,318,regular_ll,3,3,9,0.25,0.25,13.75,109.25,4.647772807552562,99.97572326660156
tcc,%,instant,324,324,324,regular_ll,3,3,9,0.25,0.25,13.75,109.25,4.647772807552562,99.98988437652588
tcc,%,instant,330,330,330,regular_ll,3,3,9,0.25,0.25,13.75,109.25,4.647772807552562,99.98807907104492
tcc,%,instant,336,336,336,regular_ll,3,3,9,0.25,0.25,13.75,109.25,4.647772807552562,99.99198150634766
tcc,%,instant,342,342,342,regular_ll,3,3,9,0.25,0.25,13.75,109.25,4.647772807552562,99.89830780029297
tcc,%,instant,348,348,348,regular_ll,3,3,9,0.25,0.25,13.75,109.25,4.647772807552562,99.9990406036377
tcc,%,instant,354,354,354,regular_ll,3,3,9,0.25,0.25,13.75,109.25,4.647772807552562,99.88704681396484
tcc,%,instant,360,360,360,regular_ll,3,3,9,0.25,0.25,13.75,109.25,4.647772807552562,99.51185607910156
tp,kg m**-2,accum,0,0,0,regular_ll,3,3,9,0.25,0.25,13.75,109.25,4.647772807552562,0.0
tp,kg m**-2,accum,0-6,0,6,regular_ll,3,3,9,0.25,0.25,13.75,109.25,4.647772807552562,2.207719888538122
tp,kg m**-2,accum,0-12,0,12,regular_ll,3,3,9,0.25,0.25,13.75,109.25,4.647772807552562,4.56327161192894
tp,kg m**-2,accum,0-18,0,18,regular_ll,3,3,9,0.25,0.25,13.75,109.25,4.647772807552562,4.575583279132843
tp,kg m**-2,accum,0-24,0,24,regular_ll,3,3,9,0.25,0.25,13.75,109.25,4.647772807552562,4.575583279132843
tp,kg m**-2,accum,0-30,0,30,regular_ll,3,3,9,0.25,0.25,13.75,109.25,4.647772807552562,4.863180071115494
tp,kg m**-2,accum,0-36,0,36,regular_ll,3,3,9,0.25,0.25,13.75,109.25,4.647772807552562,5.693637192249298
tp,kg m**-2,accum,0-42,0,42,regular_ll,3,3,9,0.25,0.25,13.75,109.25,4.647772807552562,5.707822144031525
tp,kg m**-2,accum,0-48,0,48,regular_ll,3,3,9,0.25,0.25,13.75,109.25,4.647772807552562,5.707822144031525
tp,kg m**-2,accum,0-54,0,54,regular_ll,3,3,9,0.25,0.25,13.75,109.25,4.647772807552562,5.723478615283966
tp,kg m**-2,accum,0-60,0,60,regular_ll,3,3,9,0.25,0.25,13.75,109.25,4.647772807552562,6.4563440680503845
tp,kg m**-2,accum,0-66,0,66,regular_ll,3,3,9,0.25,0.25,13.75,109.25,4.647772807552562,6.4554097056388855
tp,kg m**-2,accum,0-72,0,72,regular_ll,3,3,9,0.25,0.25,13.75,109.25,4.647772807552562,6.4658472537994385
tp,kg m**-2,accum,0-78,0,78,regular_ll,3,3,9,0.25,0.25,13.75,109.25,4.647772807552562,6.4658472537994385
tp,kg m**-2,accum,0-84,0,84,regular_ll,3,3,9,0.25,0.25,13.75,109.25,4.647772807552562,6.64998733997345
tp,kg m**-2,accum,0-90,0,90,regular_ll,3,3,9,0.25,0.25,13.75,109.25,4.647772807552562,8.285374879837036
tp,kg m**-2,accum,0-96,0,96,regular_ll,3,3,9,0.25,0.25,13.75,109.25,4.647772807552562,8.285374879837036
tp,kg m**-2,accum,0-102,0,102,regular_ll,3,3,9,0.25,0.25,13.75,109.25,4.647772807552562,8.299560546875
tp,kg m**-2,accum,0-108,0,108,regular_ll,3,3,9,0.25,0.25,13.75,109.25,4.647772807552562,8.289122939109802
tp,kg m**-2,accum,0-114,0,114,regular_ll,3,3,9,0.25,0.25,13.75,109.25,4.647772807552562,8.289122939109802
tp,kg m**-2,accum,0-120,0,120,regular_ll,3,3,9,0.25,0.25,13.75,109.25,4.647772807552562,8.289122939109802
tp,kg m**-2,accum,0-126,0,126,regular_ll,3,3,9,0.25,0.25,13.75,109.25,4.647772807552562,8.300633788108826
tp,kg m**-2,accum,0-132,0,132,regular_ll,3,3,9,0.25,0.25,13.75,109.25,4.647772807552562,8.304381251335144
tp,kg m**-2,accum,0-138,0,138,regular_ll,3,3,9,0.25,0.25,13.75,109.25,4.647772807552562,8.344541430473328
tp,kg m**-2,accum,0-144,0,144,regular_ll,3,3,9,0.25,0.25,13.75,109.25,4.647772807552562,8.797493577003479
tp,kg m**-2,accum,0-150,0,150,regular_ll,3,3,9,0.25,0.25,13.75,109.25,4.647772807552562,8.7974933385849
tp,kg m**-2,accum,0-156,0,156,regular_ll,3,3,9,0.25,0.25,13.75,109.25,4.647772807552562,8.797493815422058
tp,kg m**-2,accum,0-162,0,162,regular_ll,3,3,9,0.25,0.25,13.75,109.25,4.647772807552562,8.804988980293274
tp,kg m**-2,accum,0-168,0,168,regular_ll,3,3,9,0.25,0.25,13.75,109.25,4.647772807552562,8.8124840259552
tp,kg m**-2,accum,0-174,0,174,regular_ll,3,3,9,0.25,0.25,13.75,109.25,4.647772807552562,9.006324768066406
tp,kg m**-2,accum,0-180,0,180,regular_ll,3,3,9,0.25,0.25,13.75,109.25,4.647772807552562,10.374648571014404
tp,kg m**-2,accum,0-186,0,186,regular_ll,3,3,9,0.25,0.25,13.75,109.25,4.647772807552562,16.358659744262695
tp,kg m**-2,accum,0-192,0,192,regular_ll,3,3,9,0.25,0.25,13.75,109.25,4.647772807552562,17.531668663024902
tp,kg m**-2,accum,0-198,0,198,regular_ll,3,3,9,0.25,0.25,13.75,109.25,4.647772807552562,18.062833786010742
tp,kg m**-2,accum,0-204,0,204,regular_ll,3,3,9,0.25,0.25,13.75,109.25,4.647772807552562,19.29158878326416
tp,kg m**-2,accum,0-210,0,210,regular_ll,3,3,9,0.25,0.25,13.75,109.25,4.647772807552562,20.52451992034912
tp,kg m**-2,accum,0-216,0,216,regular_ll,3,3,9,0.25,0.25,13.75,109.25,4.647772807552562,20.53096103668213
tp,kg m**-2,accum,0-222,0,222,regular_ll,3,3,9,0.25,0.25,13.75,109.25,4.647772807552562,20.53096103668213
tp,kg m**-2,accum,0-228,0,228,regular_ll,3,3,9,0.25,0.25,13.75,109.25,4.647772807552562,20.82536220550537
tp,kg m**-2,accum,0-234,0,234,regular_ll,3,3,9,0.25,0.25,13.75,109.25,4.647772807552562,21.016995429992676
tp,kg m**-2,accum,0-240,0,240,regular_ll,3,3,9,0.25,0.25,13.75,109.25,4.647772807552562,21.040019035339355
tp,kg m**-2,accum,0-246,0,246,regular_ll,3,3,9,0.25,0.25,13.75,109.25,4.647772807552562,21.12351894378662
tp,kg m**-2,accum,0-252,0,252,regular_ll,3,3,9,0.25,0.25,13.75,109.25,4.647772807552562,21.12351894378662
tp,kg m**-2,accum,0-258,0,258,regular_ll,3,3,9,0.25,0.25,13.75,109.25,4.647772807552562,21.12351894378662
tp,kg m**-2,accum,0-264,0,264,regular_ll,3,3,9,0.25,0.25,13.75,109.25,4.647772807552562,21.12351894378662
tp,kg m**-2,accum,0-270,0,270,regular_ll,3,3,9,0.25,0.25,13.75,109.25,4.647772807552562,21.12351894378662
tp,kg m**-2,accum,0-276,0,276,regular_ll,3,3,9,0.25,0.25,13.75,109.25,4.647772807552562,21.12351894378662
tp,kg m**-2,accum,0-282,0,282,regular_ll,3,3,9,0.25,0.25,13.75,109.25,4.647772807552562,21.125667572021484
tp,kg m**-2,accum,0-288,0,288,regular_ll,3,3,9,0.25,0.25,13.75,109.25,4.647772807552562,21.125667572021484
tp,kg m**-2,accum,0-294,0,294,regular_ll,3,3,9,0.25,0.25,13.75,109.25,4.647772807552562,21.125667572021484
tp,kg m**-2,accum,0-300,0,300,regular_ll,3,3,9,0.25,0.25,13.75,109.25,4.647772807552562,21.146541595458984
tp,kg m**-2,accum,0-306,0,306,regular_ll,3,3,9,0.25,0.25,13.75,109.25,4.647772807552562,21.146541595458984
tp,kg m**-2,accum,0-312,0,312,regular_ll,3,3,9,0.25,0.25,13.75,109.25,4.647772807552562,21.14868927001953
tp,kg m**-2,accum,0-318,0,318,regular_ll,3,3,9,0.25,0.25,13.75,109.25,4.647772807552562,21.14868927001953
tp,kg m**-2,accum,0-324,0,324,regular_ll,3,3,9,0.25,0.25,13.75,109.25,4.647772807552562,21.169565200805664
tp,kg m**-2,accum,0-330,0,330,regular_ll,3,3,9,0.25,0.25,13.75,109.25,4.647772807552562,21.169565200805664
tp,kg m**-2,accum,0-336,0,336,regular_ll,3,3,9,0.25,0.25,13.75,109.25,4.647772807552562,21.16956329345703
tp,kg m**-2,accum,0-342,0,342,regular_ll,3,3,9,0.25,0.25,13.75,109.25,4.647772807552562,21.16956329345703
tp,kg m**-2,accum,0-348,0,348,regular_ll,3,3,9,0.25,0.25,13.75,109.25,4.647772807552562,21.16956329345703
tp,kg m**-2,accum,0-354,0,354,regular_ll,3,3,9,0.25,0.25,13.75,109.25,4.647772807552562,21.16956329345703
tp,kg m**-2,accum,0-360,0,360,regular_ll,3,3,9,0.25,0.25,13.75,109.25,4.647772807552562,21.171710968017578
