run_time,split,status,attempts,output_file,file_size_bytes,message_count,variable_count,min_lead,max_lead,verified,error,processed_at_utc
2026-05-14,train,downloaded,1,data\weather\raw\tigge\bulk\tigge_ecmwf_20260514_00Z_8vars_0_360_025deg_binh_dinh.grib2,103472,488,8,0,360,True,,2026-09-05T03:17:56.178047+00:00
2026-05-15,train,downloaded,1,data\weather\raw\tigge\bulk\tigge_ecmwf_20260515_00Z_8vars_0_360_025deg_binh_dinh.grib2,103472,488,8,0,360,True,,2026-09-05T03:21:05.380022+00:00
2026-05-16,train,downloaded,1,data\weather\raw\tigge\bulk\tigge_ecmwf_20260516_00Z_8vars_0_360_025deg_binh_dinh.grib2,103472,488,8,0,360,True,,2026-09-05T03:22:35.390765+00:00
2026-05-17,train,downloaded,1,data\weather\raw\tigge\bulk\tigge_ecmwf_20260517_00Z_8vars_0_360_025deg_binh_dinh.grib2,103472,488,8,0,360,True,,2026-09-05T03:24:43.375133+00:00
2026-05-18,train,downloaded,1,data\weather\raw\tigge\bulk\tigge_ecmwf_20260518_00Z_8vars_0_360_025deg_binh_dinh.grib2,103472,488,8,0,360,True,,2026-09-05T03:26:10.630008+00:00
2026-05-19,train,downloaded,1,data\weather\raw\tigge\bulk\tigge_ecmwf_20260519_00Z_8vars_0_360_025deg_binh_dinh.grib2,103472,488,8,0,360,True,,2026-09-05T03:27:11.715198+00:00
2026-05-20,train,downloaded,1,data\weather\raw\tigge\bulk\tigge_ecmwf_20260520_00Z_8vars_0_360_025deg_binh_dinh.grib2,103472,488,8,0,360,True,,2026-09-05T03:28:41.096973+00:00
2026-05-21,train,downloaded,1,data\weather\raw\tigge\bulk\tigge_ecmwf_20260521_00Z_8vars_0_360_025deg_binh_dinh.grib2,103472,488,8,0,360,True,,2026-09-05T03:30:08.170343+00:00
2026-05-22,train,downloaded,1,data\weather\raw\tigge\bulk\tigge_ecmwf_20260522_00Z_8vars_0_360_025deg_binh_dinh.grib2,103472,488,8,0,360,True,,2026-09-05T03:31:36.905998+00:00
2026-05-23,train,downloaded,1,data\weather\raw\tigge\bulk\tigge_ecmwf_20260523_00Z_8vars_0_360_025deg_binh_dinh.grib2,103472,488,8,0,360,True,,2026-09-05T03:33:03.628385+00:00
2026-05-24,train,downloaded,1,data\weather\raw\tigge\bulk\tigge_ecmwf_20260524_00Z_8vars_0_360_025deg_binh_dinh.grib2,103472,488,8,0,360,True,,2026-09-05T03:37:38.829543+00:00
2026-05-25,train,downloaded,1,data\weather\raw\tigge\bulk\tigge_ecmwf_20260525_00Z_8vars_0_360_025deg_binh_dinh.grib2,103472,488,8,0,360,True,,2026-09-05T03:38:36.200140+00:00
2026-05-26,train,downloaded,1,data\weather\raw\tigge\bulk\tigge_ecmwf_20260526_00Z_8vars_0_360_025deg_binh_dinh.grib2,103472,488,8,0,360,True,,2026-09-05T03:39:41.933922+00:00
2026-05-27,train,downloaded,1,data\weather\raw\tigge\bulk\tigge_ecmwf_20260527_00Z_8vars_0_360_025deg_binh_dinh.grib2,103472,488,8,0,360,True,,2026-09-05T03:41:11.152127+00:00
2026-05-28,train,downloaded,1,data\weather\raw\tigge\bulk\tigge_ecmwf_20260528_00Z_8vars_0_360_025deg_binh_dinh.grib2,103472,488,8,0,360,True,,2026-09-05T03:44:39.602836+00:00
2026-05-29,train,downloaded,1,data\weather\raw\tigge\bulk\tigge_ecmwf_20260529_00Z_8vars_0_360_025deg_binh_dinh.grib2,103472,488,8,0,360,True,,2026-09-05T03:46:05.407394+00:00
2026-05-30,train,downloaded,1,data\weather\raw\tigge\bulk\tigge_ecmwf_20260530_00Z_8vars_0_360_025deg_binh_dinh.grib2,103472,488,8,0,360,True,,2026-09-05T03:47:30.988837+00:00
2026-05-31,train,downloaded,1,data\weather\raw\tigge\bulk\tigge_ecmwf_20260531_00Z_8vars_0_360_025deg_binh_dinh.grib2,103472,488,8,0,360,True,,2026-09-05T03:48:30.441377+00:00
2026-06-01,train,downloaded,1,data\weather\raw\tigge\bulk\tigge_ecmwf_20260601_00Z_8vars_0_360_025deg_binh_dinh.grib2,103472,488,8,0,360,True,,2026-09-05T03:49:56.593339+00:00
2026-06-02,train,downloaded,1,data\weather\raw\tigge\bulk\tigge_ecmwf_20260602_00Z_8vars_0_360_025deg_binh_dinh.grib2,103472,488,8,0,360,True,,2026-09-05T03:51:25.192060+00:00
2026-06-03,train,downloaded,1,data\weather\raw\tigge\bulk\tigge_ecmwf_20260603_00Z_8vars_0_360_025deg_binh_dinh.grib2,103472,488,8,0,360,True,,2026-09-05T03:52:51.213319+00:00
2026-06-04,train,downloaded,1,data\weather\raw\tigge\bulk\tigge_ecmwf_20260604_00Z_8vars_0_360_025deg_binh_dinh.grib2,103472,488,8,0,360,True,,2026-09-05T03:53:51.844277+00:00
2026-06-05,train,downloaded,1,data\weather\raw\tigge\bulk\tigge_ecmwf_20260605_00Z_8vars_0_360_025deg_binh_dinh.grib2,103472,488,8,0,360,True,,2026-09-05T03:55:20.463714+00:00
2026-06-06,train,downloaded,1,data\weather\raw\tigge\bulk\tigge_ecmwf_20260606_00Z_8vars_0_360_025deg_binh_dinh.grib2,103472,488,8,0,360,True,,2026-09-05T03:56:20.042792+00:00
2026-06-07,train,downloaded,1,data\weather\raw\tigge\bulk\tigge_ecmwf_20260607_00Z_8vars_0_360_025deg_binh_dinh.grib2,103445,488,8,0,360,True,,2026-09-05T03:57:48.730417+00:00
2026-06-08,train,downloaded,1,data\weather\raw\tigge\bulk\tigge_ecmwf_20260608_00Z_8vars_0_360_025deg_binh_dinh.grib2,103472,488,8,0,360,True,,2026-09-05T03:59:14.656000+00:00
2026-06-09,train,downloaded,1,data\weather\raw\tigge\bulk\tigge_ecmwf_20260609_00Z_8vars_0_360_025deg_binh_dinh.grib2,103472,488,8,0,360,True,,2026-09-05T04:00:19.889401+00:00
2026-06-10,train,downloaded,1,data\weather\raw\tigge\bulk\tigge_ecmwf_20260610_00Z_8vars_0_360_025deg_binh_dinh.grib2,103472,488,8,0,360,True,,2026-09-05T04:01:47.024313+00:00
2026-06-11,train,downloaded,1,data\weather\raw\tigge\bulk\tigge_ecmwf_20260611_00Z_8vars_0_360_025deg_binh_dinh.grib2,103472,488,8,0,360,True,,2026-09-05T04:03:11.954715+00:00
2026-06-12,train,downloaded,1,data\weather\raw\tigge\bulk\tigge_ecmwf_20260612_00Z_8vars_0_360_025deg_binh_dinh.grib2,103472,488,8,0,360,True,,2026-09-05T04:04:40.639049+00:00
2026-06-13,train,downloaded,1,data\weather\raw\tigge\bulk\tigge_ecmwf_20260613_00Z_8vars_0_360_025deg_binh_dinh.grib2,103472,488,8,0,360,True,,2026-09-05T04:06:06.788675+00:00
2026-06-14,train,downloaded,1,data\weather\raw\tigge\bulk\tigge_ecmwf_20260614_00Z_8vars_0_360_025deg_binh_dinh.grib2,103472,488,8,0,360,True,,2026-09-05T04:07:33.441817+00:00
2026-06-15,train,downloaded,1,data\weather\raw\tigge\bulk\tigge_ecmwf_20260615_00Z_8vars_0_360_025deg_binh_dinh.grib2,103472,488,8,0,360,True,,2026-09-05T04:09:00.582838+00:00
2026-06-16,train,downloaded,1,data\weather\raw\tigge\bulk\tigge_ecmwf_20260616_00Z_8vars_0_360_025deg_binh_dinh.grib2,103472,488,8,0,360,True,,2026-09-05T04:10:26.363884+00:00
2026-06-17,train,downloaded,1,data\weather\raw\tigge\bulk\tigge_ecmwf_20260617_00Z_8vars_0_360_025deg_binh_dinh.grib2,103472,488,8,0,360,True,,2026-09-05T04:11:55.614165+00:00
2026-06-18,train,downloaded,1,data\weather\raw\tigge\bulk\tigge_ecmwf_20260618_00Z_8vars_0_360_025deg_binh_dinh.grib2,103472,488,8,0,360,True,,2026-09-05T04:13:24.225684+00:00
2026-06-19,train,downloaded,1,data\weather\raw\tigge\bulk\tigge_ecmwf_20260619_00Z_8vars_0_360_025deg_binh_dinh.grib2,103472,488,8,0,360,True,,2026-09-05T04:14:53.059569+00:00
2026-06-20,train,downloaded,1,data\weather\raw\tigge\bulk\tigge_ecmwf_20260620_00Z_8vars_0_360_025deg_binh_dinh.grib2,103472,488,8,0,360,True,,2026-09-05T04:15:54.193509+00:00
2026-06-21,train,downloaded,1,data\weather\raw\tigge\bulk\tigge_ecmwf_20260621_00Z_8vars_0_360_025deg_binh_dinh.grib2,103472,488,8,0,360,True,,2026-09-05T04:17:21.491907+00:00
2026-06-22,train,downloaded,1,data\weather\raw\tigge\bulk\tigge_ecmwf_20260622_00Z_8vars_0_360_025deg_binh_dinh.grib2,103472,488,8,0,360,True,,2026-09-05T04:18:21.800884+00:00
2026-06-23,train,downloaded,1,data\weather\raw\tigge\bulk\tigge_ecmwf_20260623_00Z_8vars_0_360_025deg_binh_dinh.grib2,103472,488,8,0,360,True,,2026-09-05T04:19:47.807535+00:00
2026-06-24,train,downloaded,1,data\weather\raw\tigge\bulk\tigge_ecmwf_20260624_00Z_8vars_0_360_025deg_binh_dinh.grib2,103472,488,8,0,360,True,,2026-09-05T04:20:50.058587+00:00
2026-06-25,train,downloaded,1,data\weather\raw\tigge\bulk\tigge_ecmwf_20260625_00Z_8vars_0_360_025deg_binh_dinh.grib2,103472,488,8,0,360,True,,2026-09-05T04:22:18.229578+00:00
2026-06-26,train,downloaded,1,data\weather\raw\tigge\bulk\tigge_ecmwf_20260626_00Z_8vars_0_360_025deg_binh_dinh.grib2,103472,488,8,0,360,True,,2026-09-05T04:23:45.200041+00:00
2026-06-27,train,downloaded,1,data\weather\raw\tigge\bulk\tigge_ecmwf_20260627_00Z_8vars_0_360_025deg_binh_dinh.grib2,103472,488,8,0,360,True,,2026-09-05T04:25:12.436511+00:00
2026-06-28,train,downloaded,1,data\weather\raw\tigge\bulk\tigge_ecmwf_20260628_00Z_8vars_0_360_025deg_binh_dinh.grib2,103472,488,8,0,360,True,,2026-09-05T04:28:16.431220+00:00
2026-06-29,train,downloaded,1,data\weather\raw\tigge\bulk\tigge_ecmwf_20260629_00Z_8vars_0_360_025deg_binh_dinh.grib2,103472,488,8,0,360,True,,2026-09-05T04:29:17.013635+00:00
2026-06-30,train,downloaded,1,data\weather\raw\tigge\bulk\tigge_ecmwf_20260630_00Z_8vars_0_360_025deg_binh_dinh.grib2,103472,488,8,0,360,True,,2026-09-05T04:30:42.288566+00:00
2026-07-01,train,downloaded,1,data\weather\raw\tigge\bulk\tigge_ecmwf_20260701_00Z_8vars_0_360_025deg_binh_dinh.grib2,103472,488,8,0,360,True,,2026-09-05T04:32:07.531513+00:00
2026-07-02,train,downloaded,1,data\weather\raw\tigge\bulk\tigge_ecmwf_20260702_00Z_8vars_0_360_025deg_binh_dinh.grib2,103472,488,8,0,360,True,,2026-09-05T04:33:09.979295+00:00
2026-07-03,train,downloaded,1,data\weather\raw\tigge\bulk\tigge_ecmwf_20260703_00Z_8vars_0_360_025deg_binh_dinh.grib2,103454,488,8,0,360,True,,2026-09-05T04:34:10.250411+00:00
2026-07-04,train,downloaded,1,data\weather\raw\tigge\bulk\tigge_ecmwf_20260704_00Z_8vars_0_360_025deg_binh_dinh.grib2,103472,488,8,0,360,True,,2026-09-05T04:35:09.837024+00:00
2026-07-05,train,downloaded,1,data\weather\raw\tigge\bulk\tigge_ecmwf_20260705_00Z_8vars_0_360_025deg_binh_dinh.grib2,103472,488,8,0,360,True,,2026-09-05T04:37:15.363284+00:00
2026-07-06,train,downloaded,1,data\weather\raw\tigge\bulk\tigge_ecmwf_20260706_00Z_8vars_0_360_025deg_binh_dinh.grib2,103472,488,8,0,360,True,,2026-09-05T04:38:47.790250+00:00
2026-07-07,train,downloaded,1,data\weather\raw\tigge\bulk\tigge_ecmwf_20260707_00Z_8vars_0_360_025deg_binh_dinh.grib2,103472,488,8,0,360,True,,2026-09-05T04:39:51.167150+00:00
2026-07-08,train,downloaded,1,data\weather\raw\tigge\bulk\tigge_ecmwf_20260708_00Z_8vars_0_360_025deg_binh_dinh.grib2,103472,488,8,0,360,True,,2026-09-05T04:41:18.204704+00:00
2026-07-09,train,downloaded,1,data\weather\raw\tigge\bulk\tigge_ecmwf_20260709_00Z_8vars_0_360_025deg_binh_dinh.grib2,103472,488,8,0,360,True,,2026-09-05T04:42:43.021049+00:00
2026-07-10,train,downloaded,1,data\weather\raw\tigge\bulk\tigge_ecmwf_20260710_00Z_8vars_0_360_025deg_binh_dinh.grib2,103472,488,8,0,360,True,,2026-09-05T04:44:47.247593+00:00
2026-07-11,train,downloaded,1,data\weather\raw\tigge\bulk\tigge_ecmwf_20260711_00Z_8vars_0_360_025deg_binh_dinh.grib2,103472,488,8,0,360,True,,2026-09-05T04:46:15.019664+00:00
2026-07-12,train,downloaded,1,data\weather\raw\tigge\bulk\tigge_ecmwf_20260712_00Z_8vars_0_360_025deg_binh_dinh.grib2,103472,488,8,0,360,True,,2026-09-05T04:47:43.839703+00:00
2026-07-13,train,downloaded,1,data\weather\raw\tigge\bulk\tigge_ecmwf_20260713_00Z_8vars_0_360_025deg_binh_dinh.grib2,103472,488,8,0,360,True,,2026-09-05T04:48:44.640923+00:00
2026-07-14,train,downloaded,1,data\weather\raw\tigge\bulk\tigge_ecmwf_20260714_00Z_8vars_0_360_025deg_binh_dinh.grib2,103472,488,8,0,360,True,,2026-09-05T04:50:13.560652+00:00
2026-07-15,train,downloaded,1,data\weather\raw\tigge\bulk\tigge_ecmwf_20260715_00Z_8vars_0_360_025deg_binh_dinh.grib2,103472,488,8,0,360,True,,2026-09-05T04:51:40.368927+00:00
2026-07-16,validation,downloaded,1,data\weather\raw\tigge\bulk\tigge_ecmwf_20260716_00Z_8vars_0_360_025deg_binh_dinh.grib2,103472,488,8,0,360,True,,2026-09-05T04:53:07.512074+00:00
2026-07-17,validation,downloaded,1,data\weather\raw\tigge\bulk\tigge_ecmwf_20260717_00Z_8vars_0_360_025deg_binh_dinh.grib2,103472,488,8,0,360,True,,2026-09-05T04:54:35.217835+00:00
2026-07-18,validation,downloaded,1,data\weather\raw\tigge\bulk\tigge_ecmwf_20260718_00Z_8vars_0_360_025deg_binh_dinh.grib2,103472,488,8,0,360,True,,2026-09-05T04:56:07.421699+00:00
2026-07-19,validation,downloaded,1,data\weather\raw\tigge\bulk\tigge_ecmwf_20260719_00Z_8vars_0_360_025deg_binh_dinh.grib2,103472,488,8,0,360,True,,2026-09-05T04:57:07.062037+00:00
2026-07-20,validation,downloaded,1,data\weather\raw\tigge\bulk\tigge_ecmwf_20260720_00Z_8vars_0_360_025deg_binh_dinh.grib2,103472,488,8,0,360,True,,2026-09-05T04:58:10.023660+00:00
2026-07-21,validation,downloaded,1,data\weather\raw\tigge\bulk\tigge_ecmwf_20260721_00Z_8vars_0_360_025deg_binh_dinh.grib2,103472,488,8,0,360,True,,2026-09-05T04:59:39.597080+00:00
2026-07-22,validation,downloaded,1,data\weather\raw\tigge\bulk\tigge_ecmwf_20260722_00Z_8vars_0_360_025deg_binh_dinh.grib2,103472,488,8,0,360,True,,2026-09-05T05:02:46.355220+00:00
2026-07-23,validation,downloaded,1,data\weather\raw\tigge\bulk\tigge_ecmwf_20260723_00Z_8vars_0_360_025deg_binh_dinh.grib2,103472,488,8,0,360,True,,2026-09-05T05:04:12.370200+00:00
2026-07-24,validation,downloaded,1,data\weather\raw\tigge\bulk\tigge_ecmwf_20260724_00Z_8vars_0_360_025deg_binh_dinh.grib2,103472,488,8,0,360,True,,2026-09-05T05:05:12.872422+00:00
2026-07-25,validation,downloaded,1,data\weather\raw\tigge\bulk\tigge_ecmwf_20260725_00Z_8vars_0_360_025deg_binh_dinh.grib2,103472,488,8,0,360,True,,2026-09-05T05:06:14.311381+00:00
2026-07-26,validation,downloaded,1,data\weather\raw\tigge\bulk\tigge_ecmwf_20260726_00Z_8vars_0_360_025deg_binh_dinh.grib2,103472,488,8,0,360,True,,2026-09-05T05:07:44.955978+00:00
2026-07-27,validation,downloaded,1,data\weather\raw\tigge\bulk\tigge_ecmwf_20260727_00Z_8vars_0_360_025deg_binh_dinh.grib2,103472,488,8,0,360,True,,2026-09-05T05:08:46.251631+00:00
2026-07-28,validation,downloaded,1,data\weather\raw\tigge\bulk\tigge_ecmwf_20260728_00Z_8vars_0_360_025deg_binh_dinh.grib2,103472,488,8,0,360,True,,2026-09-05T05:09:48.641261+00:00
2026-07-29,validation,downloaded,1,data\weather\raw\tigge\bulk\tigge_ecmwf_20260729_00Z_8vars_0_360_025deg_binh_dinh.grib2,103454,488,8,0,360,True,,2026-09-05T05:10:52.015104+00:00
2026-07-30,validation,downloaded,1,data\weather\raw\tigge\bulk\tigge_ecmwf_20260730_00Z_8vars_0_360_025deg_binh_dinh.grib2,103472,488,8,0,360,True,,2026-09-05T05:12:20.123334+00:00
2026-07-31,validation,downloaded,1,data\weather\raw\tigge\bulk\tigge_ecmwf_20260731_00Z_8vars_0_360_025deg_binh_dinh.grib2,103472,488,8,0,360,True,,2026-09-05T05:13:20.296413+00:00
2026-08-01,test,downloaded,1,data\weather\raw\tigge\bulk\tigge_ecmwf_20260801_00Z_8vars_0_360_025deg_binh_dinh.grib2,103472,488,8,0,360,True,,2026-09-05T05:14:07.342278+00:00
2026-08-02,test,downloaded,1,data\weather\raw\tigge\bulk\tigge_ecmwf_20260802_00Z_8vars_0_360_025deg_binh_dinh.grib2,103472,488,8,0,360,True,,2026-09-05T05:15:09.360445+00:00
2026-08-03,test,downloaded,1,data\weather\raw\tigge\bulk\tigge_ecmwf_20260803_00Z_8vars_0_360_025deg_binh_dinh.grib2,103472,488,8,0,360,True,,2026-09-05T05:16:34.839538+00:00
2026-08-04,test,downloaded,1,data\weather\raw\tigge\bulk\tigge_ecmwf_20260804_00Z_8vars_0_360_025deg_binh_dinh.grib2,103472,488,8,0,360,True,,2026-09-05T05:18:00.841198+00:00
2026-08-05,test,downloaded,1,data\weather\raw\tigge\bulk\tigge_ecmwf_20260805_00Z_8vars_0_360_025deg_binh_dinh.grib2,103472,488,8,0,360,True,,2026-09-05T05:19:29.713031+00:00
2026-08-06,test,downloaded,1,data\weather\raw\tigge\bulk\tigge_ecmwf_20260806_00Z_8vars_0_360_025deg_binh_dinh.grib2,103472,488,8,0,360,True,,2026-09-05T05:20:30.707435+00:00
2026-08-07,test,downloaded,1,data\weather\raw\tigge\bulk\tigge_ecmwf_20260807_00Z_8vars_0_360_025deg_binh_dinh.grib2,103472,488,8,0,360,True,,2026-09-05T05:21:59.388278+00:00
2026-08-08,test,downloaded,1,data\weather\raw\tigge\bulk\tigge_ecmwf_20260808_00Z_8vars_0_360_025deg_binh_dinh.grib2,103472,488,8,0,360,True,,2026-09-05T05:23:00.445242+00:00
2026-08-09,test,downloaded,1,data\weather\raw\tigge\bulk\tigge_ecmwf_20260809_00Z_8vars_0_360_025deg_binh_dinh.grib2,103472,488,8,0,360,True,,2026-09-05T05:24:04.751523+00:00
2026-08-10,test,downloaded,1,data\weather\raw\tigge\bulk\tigge_ecmwf_20260810_00Z_8vars_0_360_025deg_binh_dinh.grib2,103472,488,8,0,360,True,,2026-09-05T05:25:06.564928+00:00
2026-08-11,test,downloaded,1,data\weather\raw\tigge\bulk\tigge_ecmwf_20260811_00Z_8vars_0_360_025deg_binh_dinh.grib2,103472,488,8,0,360,True,,2026-09-05T05:26:33.813387+00:00
2026-08-12,test,downloaded,1,data\weather\raw\tigge\bulk\tigge_ecmwf_20260812_00Z_8vars_0_360_025deg_binh_dinh.grib2,103472,488,8,0,360,True,,2026-09-05T05:27:33.283111+00:00
2026-08-13,test,downloaded,1,data\weather\raw\tigge\bulk\tigge_ecmwf_20260813_00Z_8vars_0_360_025deg_binh_dinh.grib2,103472,488,8,0,360,True,,2026-09-05T05:29:02.232702+00:00
2026-08-14,test,downloaded,1,data\weather\raw\tigge\bulk\tigge_ecmwf_20260814_00Z_8vars_0_360_025deg_binh_dinh.grib2,103472,488,8,0,360,True,,2026-09-05T05:30:27.027166+00:00
2026-08-15,test,downloaded,1,data\weather\raw\tigge\bulk\tigge_ecmwf_20260815_00Z_8vars_0_360_025deg_binh_dinh.grib2,103472,488,8,0,360,True,,2026-09-05T05:32:34.748298+00:00
